TIME,TOTAL_VALUE
2019-06-04 23:42:20.591465,150000.0
2019-06-05 23:42:20.591465,151697.66737411622
2019-06-06 23:42:20.591465,151552.1306597621
2019-06-07 23:42:20.591465,152384.07278836324
2019-06-08 23:42:20.591465,153175.3517710927
2019-06-09 23:42:20.591465,153542.67196418595
2019-06-10 23:42:20.591465,153035.31218631932
2019-06-11 23:42:20.591465,153423.17968960706
2019-06-12 23:42:20.591465,153205.81256593173
2019-06-13 23:42:20.591465,154092.89500629134
2019-06-14 23:42:20.591465,154807.61107910943
2019-06-15 23:42:20.591465,155014.921218641
2019-06-16 23:42:20.591465,154274.17458232093
2019-06-17 23:42:20.591465,153192.7667129546
2019-06-18 23:42:20.591465,151907.74863376212
2019-06-19 23:42:20.591465,153544.12883690427
2019-06-20 23:42:20.591465,154596.61647326648
2019-06-21 23:42:20.591465,153023.21914086392
2019-06-22 23:42:20.591465,151018.2083810589
2019-06-23 23:42:20.591465,151341.28695982008
2019-06-24 23:42:20.591465,149492.37028744753
2019-06-25 23:42:20.591465,149684.181170855
2019-06-26 23:42:20.591465,152498.5049229052
2019-06-27 23:42:20.591465,152707.18581644268
2019-06-28 23:42:20.591465,154156.6996082725
2019-06-29 23:42:20.591465,156238.37974215965
2019-06-30 23:42:20.591465,155928.34270643556
2019-07-01 23:42:20.591465,154876.0245604284
2019-07-02 23:42:20.591465,155116.32086145354
2019-07-03 23:42:20.591465,155789.03613985897
2019-07-04 23:42:20.591465,154441.23213040506
2019-07-05 23:42:20.591465,152620.69276910086
2019-07-06 23:42:20.591465,152265.81296991502
2019-07-07 23:42:20.591465,151213.64434599766
2019-07-08 23:42:20.591465,151537.6529612253
2019-07-09 23:42:20.591465,154313.06501259707
2019-07-10 23:42:20.591465,154514.2050205173
2019-07-11 23:42:20.591465,153182.72812655274
2019-07-12 23:42:20.591465,155229.1444554278
2019-07-13 23:42:20.591465,157142.52474388844
2019-07-14 23:42:20.591465,156288.34454905608
2019-07-15 23:42:20.591465,153865.111758358
2019-07-16 23:42:20.591465,149882.48123668064
2019-07-17 23:42:20.591465,151753.82397290194
2019-07-18 23:42:20.591465,150443.58974264938
2019-07-19 23:42:20.591465,150304.3966114173
2019-07-20 23:42:20.591465,149228.32319056164
2019-07-21 23:42:20.591465,149603.1869367683
2019-07-22 23:42:20.591465,148993.3590582029
2019-07-23 23:42:20.591465,149805.83826535998
2019-07-24 23:42:20.591465,149451.79737193312
2019-07-25 23:42:20.591465,151687.36663517522
2019-07-26 23:42:20.591465,151622.1848647064
2019-07-27 23:42:20.591465,150019.7620653053
2019-07-28 23:42:20.591465,150366.59178322356
2019-07-29 23:42:20.591465,148834.24151362962
2019-07-30 23:42:20.591465,148786.9070793241
2019-07-31 23:42:20.591465,146445.6436998468
2019-08-01 23:42:20.591465,144291.1701775349
2019-08-02 23:42:20.591465,141583.49085147993
2019-08-03 23:42:20.591465,143004.20142898554
2019-08-04 23:42:20.591465,145575.68466912783
2019-08-05 23:42:20.591465,144851.94551350412
2019-08-06 23:42:20.591465,147087.17911514943
2019-08-07 23:42:20.591465,147529.10694894296
2019-08-08 23:42:20.591465,150456.0736021358
2019-08-09 23:42:20.591465,151522.9924648099
2019-08-10 23:42:20.591465,148982.18109609655
2019-08-11 23:42:20.591465,150275.11802758672
2019-08-12 23:42:20.591465,150646.10109875444
2019-08-13 23:42:20.591465,152184.3434449325
2019-08-14 23:42:20.591465,152518.3965906757
2019-08-15 23:42:20.591465,154455.59220471134
2019-08-16 23:42:20.591465,155041.40471658643
2019-08-17 23:42:20.591465,154430.09428890454
2019-08-18 23:42:20.591465,155007.56511562655
2019-08-19 23:42:20.591465,155831.2341808056
2019-08-20 23:42:20.591465,154641.6947606375
2019-08-21 23:42:20.591465,156472.5887274754
2019-08-22 23:42:20.591465,156706.5989374064
2019-08-23 23:42:20.591465,157872.21878303413
2019-08-24 23:42:20.591465,158537.24198130012
2019-08-25 23:42:20.591465,158594.99429793414
2019-08-26 23:42:20.591465,158244.04765909462
2019-08-27 23:42:20.591465,158660.14122794126
2019-08-28 23:42:20.591465,160266.25620373338
2019-08-29 23:42:20.591465,160733.39779226694
2019-08-30 23:42:20.591465,160250.8071575591
2019-08-31 23:42:20.591465,159865.24873651206
2019-09-01 23:42:20.591465,160928.46508714618
2019-09-02 23:42:20.591465,160864.0585872235
2019-09-03 23:42:20.591465,160645.99402463855
2019-09-04 23:42:20.591465,159826.01735369838
2019-09-05 23:42:20.591465,162541.86773937487
2019-09-06 23:42:20.591465,163754.5582451922
2019-09-07 23:42:20.591465,163242.50176851664
2019-09-08 23:42:20.591465,162457.3178954509
2019-09-09 23:42:20.591465,160532.19729753485
2019-09-10 23:42:20.591465,162571.57380307125
2019-09-11 23:42:20.591465,159854.27498479575
2019-09-12 23:42:20.591465,161542.38414649208
2019-09-13 23:42:20.591465,160708.553091733
2019-09-14 23:42:20.591465,165242.75567055095
2019-09-15 23:42:20.591465,167107.15229299266
2019-09-16 23:42:20.591465,165618.10711128998
2019-09-17 23:42:20.591465,163812.69391291565
2019-09-18 23:42:20.591465,165664.4457070043
2019-09-19 23:42:20.591465,164632.45083873914
2019-09-20 23:42:20.591465,167000.3552878431
2019-09-21 23:42:20.591465,165490.64890364336
2019-09-22 23:42:20.591465,164586.02830094774
2019-09-23 23:42:20.591465,166178.308554772
2019-09-24 23:42:20.591465,166936.70320641925
2019-09-25 23:42:20.591465,165048.46959284542
2019-09-26 23:42:20.591465,164018.34887159878
2019-09-27 23:42:20.591465,164922.6227462033
2019-09-28 23:42:20.591465,165694.57448974266
2019-09-29 23:42:20.591465,165953.25699131194
2019-09-30 23:42:20.591465,166534.73958687845
2019-10-01 23:42:20.591465,165796.1367201568
2019-10-02 23:42:20.591465,168865.5779028755
2019-10-03 23:42:20.591465,168872.1950081321
2019-10-04 23:42:20.591465,169429.42786433885
2019-10-05 23:42:20.591465,172325.74880285715
2019-10-06 23:42:20.591465,176860.17205688418
2019-10-07 23:42:20.591465,176909.53680399497
2019-10-08 23:42:20.591465,175141.9791914533
2019-10-09 23:42:20.591465,173226.1366517082
2019-10-10 23:42:20.591465,172636.98182502473
2019-10-11 23:42:20.591465,170491.7753462665
2019-10-12 23:42:20.591465,170890.93308999052
2019-10-13 23:42:20.591465,170152.08375580874
2019-10-14 23:42:20.591465,170062.73255094333
2019-10-15 23:42:20.591465,169747.21872629278
2019-10-16 23:42:20.591465,170726.3928147659
2019-10-17 23:42:20.591465,170165.63132746334
2019-10-18 23:42:20.591465,170982.7634057905
2019-10-19 23:42:20.591465,173141.51012587774
2019-10-20 23:42:20.591465,171159.75810000498
2019-10-21 23:42:20.591465,175112.20040276615
2019-10-22 23:42:20.591465,174816.2787846528
2019-10-23 23:42:20.591465,172839.4515729879
2019-10-24 23:42:20.591465,172335.90575021895
2019-10-25 23:42:20.591465,172748.9824010583
2019-10-26 23:42:20.591465,173148.24471295584
2019-10-27 23:42:20.591465,172777.69445174502
2019-10-28 23:42:20.591465,175422.86829757964
2019-10-29 23:42:20.591465,175496.32758941528
2019-10-30 23:42:20.591465,172674.2301913997
2019-10-31 23:42:20.591465,171345.46919523668
2019-11-01 23:42:20.591465,173204.3175653145
2019-11-02 23:42:20.591465,175878.20663017465
2019-11-03 23:42:20.591465,172786.15779311222
2019-11-04 23:42:20.591465,173341.8508220407
2019-11-05 23:42:20.591465,172240.87129382085
2019-11-06 23:42:20.591465,169275.89649743363
2019-11-07 23:42:20.591465,168371.2693566015
2019-11-08 23:42:20.591465,167153.60164730187
2019-11-09 23:42:20.591465,165253.09214683445
2019-11-10 23:42:20.591465,166465.4403914579
2019-11-11 23:42:20.591465,165514.87367451462
2019-11-12 23:42:20.591465,166827.35839444798
2019-11-13 23:42:20.591465,164279.80205808763
2019-11-14 23:42:20.591465,164005.3848824906
2019-11-15 23:42:20.591465,165065.52698434622
2019-11-16 23:42:20.591465,162932.19125296047
2019-11-17 23:42:20.591465,163642.9417592799
2019-11-18 23:42:20.591465,164775.7151899602
2019-11-19 23:42:20.591465,165872.19384419316
2019-11-20 23:42:20.591465,164434.0501930557
2019-11-21 23:42:20.591465,162877.570832508
2019-11-22 23:42:20.591465,161671.0855971506
2019-11-23 23:42:20.591465,160329.32130745173
2019-11-24 23:42:20.591465,161034.98074447026
2019-11-25 23:42:20.591465,163554.20306277808
2019-11-26 23:42:20.591465,162402.92643120498
2019-11-27 23:42:20.591465,162458.4575603073
2019-11-28 23:42:20.591465,164029.35496055608
2019-11-29 23:42:20.591465,164929.97117671964
2019-11-30 23:42:20.591465,163813.91549030252
2019-12-01 23:42:20.591465,167895.6224170384
2019-12-02 23:42:20.591465,167240.5275582503
2019-12-03 23:42:20.591465,167006.26568452452
2019-12-04 23:42:20.591465,165109.09556750607
2019-12-05 23:42:20.591465,163554.60430647602
2019-12-06 23:42:20.591465,159819.57492835083
2019-12-07 23:42:20.591465,160797.59810116133
2019-12-08 23:42:20.591465,161918.9629459745
2019-12-09 23:42:20.591465,161345.33511350094
2019-12-10 23:42:20.591465,159908.62361525805
2019-12-11 23:42:20.591465,157660.49458786412
2019-12-12 23:42:20.591465,157648.06466895816
2019-12-13 23:42:20.591465,156168.85195724678
2019-12-14 23:42:20.591465,153521.5080543654
2019-12-15 23:42:20.591465,152599.61905697885
2019-12-16 23:42:20.591465,153530.2184672126
2019-12-17 23:42:20.591465,152408.64559591963
2019-12-18 23:42:20.591465,152716.33067221582
2019-12-19 23:42:20.591465,152805.05262458164
2019-12-20 23:42:20.591465,151591.1463444752
2019-12-21 23:42:20.591465,150868.05310459403
2019-12-22 23:42:20.591465,153379.92875661724
2019-12-23 23:42:20.591465,153633.14155477978
2019-12-24 23:42:20.591465,151402.05194866334
2019-12-25 23:42:20.591465,152156.1737044687
2019-12-26 23:42:20.591465,152113.9165393116
2019-12-27 23:42:20.591465,153003.49888225461
2019-12-28 23:42:20.591465,154406.4397797394
2019-12-29 23:42:20.591465,154858.53007181193
2019-12-30 23:42:20.591465,156304.5691418454
2019-12-31 23:42:20.591465,156600.53998382358
2020-01-01 23:42:20.591465,156985.14576673484
2020-01-02 23:42:20.591465,160059.5346332551
2020-01-03 23:42:20.591465,161086.2093044782
2020-01-04 23:42:20.591465,160685.00476088235
2020-01-05 23:42:20.591465,158059.09766273302
2020-01-06 23:42:20.591465,154859.9327516366
2020-01-07 23:42:20.591465,154566.7401813552
2020-01-08 23:42:20.591465,155008.47200727835
2020-01-09 23:42:20.591465,155342.97502073948
2020-01-10 23:42:20.591465,152765.9905331115
2020-01-11 23:42:20.591465,150649.0653656299
2020-01-12 23:42:20.591465,150405.15789795475
2020-01-13 23:42:20.591465,150867.9416596517
2020-01-14 23:42:20.591465,150444.86981239496
2020-01-15 23:42:20.591465,149956.70920059836
2020-01-16 23:42:20.591465,150511.44146202065
2020-01-17 23:42:20.591465,152674.35928699622
2020-01-18 23:42:20.591465,152775.72267230033
2020-01-19 23:42:20.591465,154039.4285511172
2020-01-20 23:42:20.591465,154686.80093517894
2020-01-21 23:42:20.591465,155355.56009174002
2020-01-22 23:42:20.591465,158587.02876968126
2020-01-23 23:42:20.591465,159590.49216729245
2020-01-24 23:42:20.591465,159598.5556999808
2020-01-25 23:42:20.591465,159791.62478648365
2020-01-26 23:42:20.591465,160624.76227345248
2020-01-27 23:42:20.591465,160972.80893398228
2020-01-28 23:42:20.591465,162098.62033789154
2020-01-29 23:42:20.591465,162638.97980903296
2020-01-30 23:42:20.591465,159393.36828704792
2020-01-31 23:42:20.591465,157258.0620278251
2020-02-01 23:42:20.591465,156429.09070326493
2020-02-02 23:42:20.591465,157382.97161644913
2020-02-03 23:42:20.591465,154868.25202485596
2020-02-04 23:42:20.591465,156525.6113734119
2020-02-05 23:42:20.591465,157653.36093440506
2020-02-06 23:42:20.591465,157737.59359002198
2020-02-07 23:42:20.591465,157711.11474306238
2020-02-08 23:42:20.591465,158622.58540649933
2020-02-09 23:42:20.591465,159119.02998736143
2020-02-10 23:42:20.591465,158575.0794915401
2020-02-11 23:42:20.591465,158612.1551814777
2020-02-12 23:42:20.591465,159164.64796775114
2020-02-13 23:42:20.591465,158793.48944275422
2020-02-14 23:42:20.591465,159079.88076745544
2020-02-15 23:42:20.591465,159053.7803662548
2020-02-16 23:42:20.591465,157216.8968715013
2020-02-17 23:42:20.591465,157553.0579963904
2020-02-18 23:42:20.591465,158827.95478358952
2020-02-19 23:42:20.591465,158301.30612955304
2020-02-20 23:42:20.591465,158374.36971766324
2020-02-21 23:42:20.591465,159733.367651282
2020-02-22 23:42:20.591465,161214.86220950654
2020-02-23 23:42:20.591465,159573.04547757696
2020-02-24 23:42:20.591465,161195.2738233095
2020-02-25 23:42:20.591465,161623.3078111653
2020-02-26 23:42:20.591465,160586.29356156467
2020-02-27 23:42:20.591465,158041.23811691452
2020-02-28 23:42:20.591465,155498.6722283001
2020-02-29 23:42:20.591465,155497.85805451707
2020-03-01 23:42:20.591465,155296.62952729577
2020-03-02 23:42:20.591465,152881.9022252303
2020-03-03 23:42:20.591465,154864.67578825064
2020-03-04 23:42:20.591465,157506.40420109485
2020-03-05 23:42:20.591465,159977.89758059115
2020-03-06 23:42:20.591465,156755.48728700043
2020-03-07 23:42:20.591465,154652.43533939164
2020-03-08 23:42:20.591465,154108.4057069148
2020-03-09 23:42:20.591465,154162.51799920265
2020-03-10 23:42:20.591465,153516.3267072362
2020-03-11 23:42:20.591465,152316.52215932327
2020-03-12 23:42:20.591465,150100.98191853578
2020-03-13 23:42:20.591465,149305.70950372622
2020-03-14 23:42:20.591465,152593.1003421971
2020-03-15 23:42:20.591465,152484.39314494777
2020-03-16 23:42:20.591465,154371.2229127892
2020-03-17 23:42:20.591465,156790.64793012277
2020-03-18 23:42:20.591465,157956.34643311953
2020-03-19 23:42:20.591465,158769.39003635902
2020-03-20 23:42:20.591465,156214.4559579516
2020-03-21 23:42:20.591465,155251.19047050443
2020-03-22 23:42:20.591465,154998.8572305106
2020-03-23 23:42:20.591465,156233.81890764073
2020-03-24 23:42:20.591465,156719.20832384162
2020-03-25 23:42:20.591465,158656.05709620373
2020-03-26 23:42:20.591465,159240.61341796062
2020-03-27 23:42:20.591465,156676.9042871325
2020-03-28 23:42:20.591465,156328.93219807046
2020-03-29 23:42:20.591465,159954.91557145672
2020-03-30 23:42:20.591465,161878.47715275022
2020-03-31 23:42:20.591465,162386.71714731646
2020-04-01 23:42:20.591465,160798.781361757
2020-04-02 23:42:20.591465,160919.01946454943
2020-04-03 23:42:20.591465,160355.64303072443
2020-04-04 23:42:20.591465,158438.07111887864
2020-04-05 23:42:20.591465,157754.35050998707
2020-04-06 23:42:20.591465,158617.93586499253
2020-04-07 23:42:20.591465,158242.50568953087
2020-04-08 23:42:20.591465,158670.97485647045
2020-04-09 23:42:20.591465,157242.23703670033
2020-04-10 23:42:20.591465,155696.57504477748
2020-04-11 23:42:20.591465,153040.13324754918
2020-04-12 23:42:20.591465,152519.48016264837
2020-04-13 23:42:20.591465,150528.03111572884
2020-04-14 23:42:20.591465,150511.05776253322
2020-04-15 23:42:20.591465,151639.24744888544
2020-04-16 23:42:20.591465,151083.84077860625
2020-04-17 23:42:20.591465,151520.12927668888
2020-04-18 23:42:20.591465,153218.57062031588
2020-04-19 23:42:20.591465,151944.56557873494
2020-04-20 23:42:20.591465,153254.88268969857
2020-04-21 23:42:20.591465,152563.0703551073
2020-04-22 23:42:20.591465,156257.13689170702
2020-04-23 23:42:20.591465,153682.20937821412
2020-04-24 23:42:20.591465,154537.42177273874
2020-04-25 23:42:20.591465,155750.96547393734
2020-04-26 23:42:20.591465,154576.19136604873
2020-04-27 23:42:20.591465,155534.06121489522
2020-04-28 23:42:20.591465,156259.35240988593
2020-04-29 23:42:20.591465,155224.01390462468
2020-04-30 23:42:20.591465,155284.32838260624
2020-05-01 23:42:20.591465,157630.17648637583
2020-05-02 23:42:20.591465,155413.37288566589
2020-05-03 23:42:20.591465,156961.19980604068
2020-05-04 23:42:20.591465,157804.31384045843
2020-05-05 23:42:20.591465,158298.3099326135
2020-05-06 23:42:20.591465,159682.5787025245
2020-05-07 23:42:20.591465,161700.41275011192
2020-05-08 23:42:20.591465,159254.52585842498
2020-05-09 23:42:20.591465,161158.06283124498
2020-05-10 23:42:20.591465,161029.4730561816
2020-05-11 23:42:20.591465,163404.7763634725
2020-05-12 23:42:20.591465,162757.0689053786
2020-05-13 23:42:20.591465,162695.80542068314
2020-05-14 23:42:20.591465,163593.34042043154
2020-05-15 23:42:20.591465,162962.2434239421
2020-05-16 23:42:20.591465,164341.22646494323
2020-05-17 23:42:20.591465,164615.78899647633
2020-05-18 23:42:20.591465,165438.11125392237
2020-05-19 23:42:20.591465,165769.3033026356
2020-05-20 23:42:20.591465,165336.11660878258
2020-05-21 23:42:20.591465,166868.23682635708
2020-05-22 23:42:20.591465,166989.36308703755
2020-05-23 23:42:20.591465,166536.57379302225
2020-05-24 23:42:20.591465,165387.8620065278
2020-05-25 23:42:20.591465,164717.9979420107
2020-05-26 23:42:20.591465,163607.6079981585
2020-05-27 23:42:20.591465,162691.58261815866
2020-05-28 23:42:20.591465,161610.34087042089
2020-05-29 23:42:20.591465,160261.79876623
2020-05-30 23:42:20.591465,158743.92068077216
2020-05-31 23:42:20.591465,160086.08099925405
2020-06-01 23:42:20.591465,160072.2341374713
2020-06-02 23:42:20.591465,157818.76373736956
2020-06-03 23:42:20.591465,159947.83036945396
2020-06-04 23:42:20.591465,158700.91467710838
2020-06-05 23:42:20.591465,159644.24683679658
2020-06-06 23:42:20.591465,160048.3270793799
2020-06-07 23:42:20.591465,159629.18456800992
2020-06-08 23:42:20.591465,160536.70900966635
2020-06-09 23:42:20.591465,162527.40170026923
2020-06-10 23:42:20.591465,162976.59890837365
2020-06-11 23:42:20.591465,160748.75880020985
2020-06-12 23:42:20.591465,160985.48775138965
2020-06-13 23:42:20.591465,161842.80611073493
2020-06-14 23:42:20.591465,161360.8446788071
2020-06-15 23:42:20.591465,159857.5600913076
2020-06-16 23:42:20.591465,163350.28902063347
2020-06-17 23:42:20.591465,163359.188279259
2020-06-18 23:42:20.591465,160523.05949425176
2020-06-19 23:42:20.591465,158458.1714787064
2020-06-20 23:42:20.591465,158090.90042842878
2020-06-21 23:42:20.591465,158329.3499312925
2020-06-22 23:42:20.591465,162047.72912320332
2020-06-23 23:42:20.591465,161755.24628001996
2020-06-24 23:42:20.591465,161520.52641414077
2020-06-25 23:42:20.591465,160109.64879482743
2020-06-26 23:42:20.591465,157972.29767919326
2020-06-27 23:42:20.591465,159930.9390002355
2020-06-28 23:42:20.591465,160627.6256035432
2020-06-29 23:42:20.591465,160482.6854642748
2020-06-30 23:42:20.591465,159568.64383223772
2020-07-01 23:42:20.591465,160079.73800564563
2020-07-02 23:42:20.591465,160037.5300916151
2020-07-03 23:42:20.591465,161059.11288910097
2020-07-04 23:42:20.591465,162122.72168003905
2020-07-05 23:42:20.591465,161710.71960463168
2020-07-06 23:42:20.591465,163541.71694723645
2020-07-07 23:42:20.591465,164171.67883055232
2020-07-08 23:42:20.591465,163431.86771843297
2020-07-09 23:42:20.591465,161694.4811975791
2020-07-10 23:42:20.591465,162431.17600423176
2020-07-11 23:42:20.591465,164598.96395315067
2020-07-12 23:42:20.591465,164951.5841762101
2020-07-13 23:42:20.591465,164063.30035502012
2020-07-14 23:42:20.591465,164536.9540300135
2020-07-15 23:42:20.591465,163471.1658144194
2020-07-16 23:42:20.591465,163818.50839197662
2020-07-17 23:42:20.591465,162561.34030933425
2020-07-18 23:42:20.591465,163084.7465304016
2020-07-19 23:42:20.591465,164501.34910788992
2020-07-20 23:42:20.591465,164126.3794090517
2020-07-21 23:42:20.591465,163181.4081796582
2020-07-22 23:42:20.591465,165468.967795171
2020-07-23 23:42:20.591465,164919.03700089172
2020-07-24 23:42:20.591465,165886.87299058776
2020-07-25 23:42:20.591465,167801.8150004424
2020-07-26 23:42:20.591465,167547.37954051574
2020-07-27 23:42:20.591465,168110.7621339154
2020-07-28 23:42:20.591465,167846.20745269393
2020-07-29 23:42:20.591465,168480.95952054168
2020-07-30 23:42:20.591465,167908.95400849325
2020-07-31 23:42:20.591465,166954.47938688842
2020-08-01 23:42:20.591465,166279.60378485633
2020-08-02 23:42:20.591465,166700.6087362841
2020-08-03 23:42:20.591465,166092.56648523782
2020-08-04 23:42:20.591465,166098.94880477697
2020-08-05 23:42:20.591465,164406.9185216608
2020-08-06 23:42:20.591465,167238.40784606698
2020-08-07 23:42:20.591465,168591.83030742116
2020-08-08 23:42:20.591465,169334.50907025067
2020-08-09 23:42:20.591465,169423.96434067437
2020-08-10 23:42:20.591465,166445.6634159967
2020-08-11 23:42:20.591465,165284.5065095455
2020-08-12 23:42:20.591465,164695.5119571348
2020-08-13 23:42:20.591465,163250.50460092016
2020-08-14 23:42:20.591465,161078.5532523637
2020-08-15 23:42:20.591465,161562.86534003163
2020-08-16 23:42:20.591465,162789.1601530218
2020-08-17 23:42:20.591465,162887.4317345566
2020-08-18 23:42:20.591465,165009.49488167546
2020-08-19 23:42:20.591465,163597.12831023522
2020-08-20 23:42:20.591465,165567.67062525294
2020-08-21 23:42:20.591465,167116.42180521946
2020-08-22 23:42:20.591465,165647.34466912254
2020-08-23 23:42:20.591465,164538.31155557086
2020-08-24 23:42:20.591465,164224.01106465567
2020-08-25 23:42:20.591465,164538.96358918824
2020-08-26 23:42:20.591465,165896.6997725169
2020-08-27 23:42:20.591465,163902.34181454458
2020-08-28 23:42:20.591465,161682.16868725314
2020-08-29 23:42:20.591465,159349.60867537363
2020-08-30 23:42:20.591465,157309.57296870975
2020-08-31 23:42:20.591465,158103.83733796695
2020-09-01 23:42:20.591465,158868.84236327943
2020-09-02 23:42:20.591465,160802.64474393928
2020-09-03 23:42:20.591465,159541.4243511503
2020-09-04 23:42:20.591465,160376.75410354548
2020-09-05 23:42:20.591465,160039.29981644018
2020-09-06 23:42:20.591465,159106.82248326787
2020-09-07 23:42:20.591465,161140.38194113306
2020-09-08 23:42:20.591465,161669.03489854978
2020-09-09 23:42:20.591465,161505.50469466593
2020-09-10 23:42:20.591465,162161.05574074324
2020-09-11 23:42:20.591465,163046.7704483817
2020-09-12 23:42:20.591465,160769.12427004523
2020-09-13 23:42:20.591465,161679.2975407431
2020-09-14 23:42:20.591465,158809.70316030819
2020-09-15 23:42:20.591465,156379.2879529905
2020-09-16 23:42:20.591465,159701.54030886578
2020-09-17 23:42:20.591465,160922.81905031955
2020-09-18 23:42:20.591465,162114.2728712782
2020-09-19 23:42:20.591465,159739.87595288
2020-09-20 23:42:20.591465,157491.60741005393
2020-09-21 23:42:20.591465,158283.7620991848
2020-09-22 23:42:20.591465,159097.22536956306
2020-09-23 23:42:20.591465,156624.49858394015
2020-09-24 23:42:20.591465,159324.48037213265
2020-09-25 23:42:20.591465,162595.40275080942
2020-09-26 23:42:20.591465,165569.02904608764
2020-09-27 23:42:20.591465,162660.4942480278
2020-09-28 23:42:20.591465,161825.45483220427
2020-09-29 23:42:20.591465,159995.72553381397
2020-09-30 23:42:20.591465,160101.4712099877
2020-10-01 23:42:20.591465,161388.29320068113
2020-10-02 23:42:20.591465,158830.66522402954
2020-10-03 23:42:20.591465,155523.31482960086
2020-10-04 23:42:20.591465,155407.2186421283
2020-10-05 23:42:20.591465,154721.52704005587
2020-10-06 23:42:20.591465,153399.10808986326
2020-10-07 23:42:20.591465,151946.41566421543
2020-10-08 23:42:20.591465,152634.84493920655
2020-10-09 23:42:20.591465,152151.49956800626
2020-10-10 23:42:20.591465,152826.11422361183
2020-10-11 23:42:20.591465,153829.43407297716
2020-10-12 23:42:20.591465,154804.13966430153
2020-10-13 23:42:20.591465,153046.9186057609
2020-10-14 23:42:20.591465,154364.13519156093
2020-10-15 23:42:20.591465,154525.18481249618
2020-10-16 23:42:20.591465,151797.79972558678
2020-10-17 23:42:20.591465,151863.58896742572
2020-10-18 23:42:20.591465,150950.08116804322
2020-10-19 23:42:20.591465,151387.7507331829
2020-10-20 23:42:20.591465,150350.71506625874
2020-10-21 23:42:20.591465,149085.5068704008
2020-10-22 23:42:20.591465,150206.63348323852
2020-10-23 23:42:20.591465,152082.03787238878
2020-10-24 23:42:20.591465,153299.44000886063
2020-10-25 23:42:20.591465,151337.75043473367
2020-10-26 23:42:20.591465,151377.8386427931
2020-10-27 23:42:20.591465,151123.53334201543
2020-10-28 23:42:20.591465,151745.81964169978
2020-10-29 23:42:20.591465,155700.6865610172
2020-10-30 23:42:20.591465,155964.19585749507
2020-10-31 23:42:20.591465,158034.70708998523
2020-11-01 23:42:20.591465,155655.70014990773
2020-11-02 23:42:20.591465,156195.38269151727
2020-11-03 23:42:20.591465,156505.8165047238
2020-11-04 23:42:20.591465,156787.44529644237
2020-11-05 23:42:20.591465,157525.71271443152
2020-11-06 23:42:20.591465,157022.15495193427
2020-11-07 23:42:20.591465,159711.16570591886
2020-11-08 23:42:20.591465,159770.89150507643
2020-11-09 23:42:20.591465,157781.33142267994
2020-11-10 23:42:20.591465,158069.85305966536
2020-11-11 23:42:20.591465,160461.4894275073
2020-11-12 23:42:20.591465,160082.28950036463
2020-11-13 23:42:20.591465,160522.57338097657
2020-11-14 23:42:20.591465,159595.56783735342
2020-11-15 23:42:20.591465,162161.8058202765
2020-11-16 23:42:20.591465,162207.81668185818
2020-11-17 23:42:20.591465,160465.98231937637
2020-11-18 23:42:20.591465,160835.37844033868
2020-11-19 23:42:20.591465,161624.26055452132
2020-11-20 23:42:20.591465,161776.19791453466
2020-11-21 23:42:20.591465,163021.64882535549
2020-11-22 23:42:20.591465,162636.71411857576
2020-11-23 23:42:20.591465,162660.16283969663
2020-11-24 23:42:20.591465,163786.6387377875
2020-11-25 23:42:20.591465,163039.63310461212
2020-11-26 23:42:20.591465,162570.93078660715
2020-11-27 23:42:20.591465,158570.84435721525
2020-11-28 23:42:20.591465,159331.91270164307
2020-11-29 23:42:20.591465,160414.17153741815
2020-11-30 23:42:20.591465,160799.25195853002
2020-12-01 23:42:20.591465,159922.11340150627
2020-12-02 23:42:20.591465,157488.10532451907
2020-12-03 23:42:20.591465,159666.96919145304
2020-12-04 23:42:20.591465,158059.96003195737
2020-12-05 23:42:20.591465,158109.3095223643
2020-12-06 23:42:20.591465,159683.05831738465
2020-12-07 23:42:20.591465,158520.89444177464
2020-12-08 23:42:20.591465,156768.0314793893
2020-12-09 23:42:20.591465,156174.75306322763
2020-12-10 23:42:20.591465,156065.27574633702
2020-12-11 23:42:20.591465,156559.6535727665
2020-12-12 23:42:20.591465,156518.86496987223
2020-12-13 23:42:20.591465,153203.41028709483
2020-12-14 23:42:20.591465,153195.80264065927
2020-12-15 23:42:20.591465,155120.89161773233
2020-12-16 23:42:20.591465,155214.12557800437
2020-12-17 23:42:20.591465,154797.68377504393
2020-12-18 23:42:20.591465,152843.4973947859
2020-12-19 23:42:20.591465,154020.94073239953
2020-12-20 23:42:20.591465,153573.1093860869
2020-12-21 23:42:20.591465,153806.9426320887
2020-12-22 23:42:20.591465,154884.96399766955
2020-12-23 23:42:20.591465,154970.958424871
2020-12-24 23:42:20.591465,152999.37494463674
2020-12-25 23:42:20.591465,152494.65503067427
2020-12-26 23:42:20.591465,152571.8745173052
2020-12-27 23:42:20.591465,151005.9718500083
2020-12-28 23:42:20.591465,153798.35522273803
2020-12-29 23:42:20.591465,154727.06042614076
2020-12-30 23:42:20.591465,154391.53702734772
2020-12-31 23:42:20.591465,155777.50183500053
2021-01-01 23:42:20.591465,156083.84317574455
2021-01-02 23:42:20.591465,155658.75664453302
2021-01-03 23:42:20.591465,154788.6922103819
2021-01-04 23:42:20.591465,153422.3420688463
2021-01-05 23:42:20.591465,152465.80501751378
2021-01-06 23:42:20.591465,151495.85763514653
2021-01-07 23:42:20.591465,149980.42136546053
2021-01-08 23:42:20.591465,149598.78786765493
2021-01-09 23:42:20.591465,150235.94212166333
2021-01-10 23:42:20.591465,149240.87660574602
2021-01-11 23:42:20.591465,148908.8770958072
2021-01-12 23:42:20.591465,151126.28975856688
2021-01-13 23:42:20.591465,152449.7028904275
2021-01-14 23:42:20.591465,151242.7804740357
2021-01-15 23:42:20.591465,151246.71161479517
2021-01-16 23:42:20.591465,150246.4425418938
2021-01-17 23:42:20.591465,148272.4912958833
2021-01-18 23:42:20.591465,145946.9318982017
2021-01-19 23:42:20.591465,146340.13093231284
2021-01-20 23:42:20.591465,143867.04752194905
2021-01-21 23:42:20.591465,144868.79775026505
2021-01-22 23:42:20.591465,143829.3932038174
2021-01-23 23:42:20.591465,141332.63214996984
2021-01-24 23:42:20.591465,141130.90489677587
2021-01-25 23:42:20.591465,139857.17539260062
2021-01-26 23:42:20.591465,140373.2897513887
2021-01-27 23:42:20.591465,139820.22437163052
2021-01-28 23:42:20.591465,140389.6996374752
2021-01-29 23:42:20.591465,140727.7677757757
2021-01-30 23:42:20.591465,139429.8096084021
2021-01-31 23:42:20.591465,137135.58120449574
2021-02-01 23:42:20.591465,133029.68111679042
2021-02-02 23:42:20.591465,134091.19098856646
2021-02-03 23:42:20.591465,134391.30501841332
2021-02-04 23:42:20.591465,134708.10052793953
2021-02-05 23:42:20.591465,134315.60303052925
2021-02-06 23:42:20.591465,134360.0886830987
2021-02-07 23:42:20.591465,134400.0515453947
2021-02-08 23:42:20.591465,131225.30755706027
2021-02-09 23:42:20.591465,130892.36508182739
2021-02-10 23:42:20.591465,132459.79771688653
2021-02-11 23:42:20.591465,130185.05900996823
2021-02-12 23:42:20.591465,129956.04859151681
2021-02-13 23:42:20.591465,130023.01375333748
2021-02-14 23:42:20.591465,130039.79072021802
2021-02-15 23:42:20.591465,132590.49470237712
2021-02-16 23:42:20.591465,133540.0331880969
2021-02-17 23:42:20.591465,135546.3945265531
2021-02-18 23:42:20.591465,135658.06305717397
2021-02-19 23:42:20.591465,135586.1784981658
2021-02-20 23:42:20.591465,135457.9290600532
2021-02-21 23:42:20.591465,137275.13051086682
2021-02-22 23:42:20.591465,139235.20262097815
2021-02-23 23:42:20.591465,138839.55873725642
2021-02-24 23:42:20.591465,138096.23623092246
2021-02-25 23:42:20.591465,135693.7726975468
2021-02-26 23:42:20.591465,134872.73912151504
2021-02-27 23:42:20.591465,135329.4276741709
2021-02-28 23:42:20.591465,134441.0242392889
2021-03-01 23:42:20.591465,132913.5850668925
2021-03-02 23:42:20.591465,133784.24486185613
2021-03-03 23:42:20.591465,133727.01378882414
2021-03-04 23:42:20.591465,133044.30386581764
2021-03-05 23:42:20.591465,134218.19335694305
2021-03-06 23:42:20.591465,133398.37103571516
2021-03-07 23:42:20.591465,135460.8203763151
2021-03-08 23:42:20.591465,137721.47480924134
2021-03-09 23:42:20.591465,137299.41488194503
2021-03-10 23:42:20.591465,135339.02548636473
2021-03-11 23:42:20.591465,136816.32446963977
2021-03-12 23:42:20.591465,136014.69667214018
2021-03-13 23:42:20.591465,136007.37586895237
2021-03-14 23:42:20.591465,137736.38832574387
2021-03-15 23:42:20.591465,136700.9457288595
2021-03-16 23:42:20.591465,137694.20348762095
2021-03-17 23:42:20.591465,135937.71908182395
2021-03-18 23:42:20.591465,136623.9463085937
2021-03-19 23:42:20.591465,135009.83414018797
2021-03-20 23:42:20.591465,136464.44728419266
2021-03-21 23:42:20.591465,135599.35081738525
2021-03-22 23:42:20.591465,133606.26213104726
2021-03-23 23:42:20.591465,133950.8862740624
2021-03-24 23:42:20.591465,131297.48194208601
2021-03-25 23:42:20.591465,128807.12074371935
2021-03-26 23:42:20.591465,127123.49881029729
2021-03-27 23:42:20.591465,123951.57628773907
2021-03-28 23:42:20.591465,125726.63088436783
2021-03-29 23:42:20.591465,125591.66895003887
2021-03-30 23:42:20.591465,125533.96355482064
2021-03-31 23:42:20.591465,126926.56005781092
2021-04-01 23:42:20.591465,127738.75628209604
2021-04-02 23:42:20.591465,125046.40568823944
2021-04-03 23:42:20.591465,124512.01962323053
2021-04-04 23:42:20.591465,125515.05424856419
2021-04-05 23:42:20.591465,123438.5274449806
2021-04-06 23:42:20.591465,123011.9516514644
2021-04-07 23:42:20.591465,123434.55840181246
2021-04-08 23:42:20.591465,123752.46745774405
2021-04-09 23:42:20.591465,126026.54751458374
2021-04-10 23:42:20.591465,125926.64712685264
2021-04-11 23:42:20.591465,127828.74764819047
2021-04-12 23:42:20.591465,128787.49718304283
2021-04-13 23:42:20.591465,125521.32164531114
2021-04-14 23:42:20.591465,126254.6391289819
2021-04-15 23:42:20.591465,123570.11309754557
2021-04-16 23:42:20.591465,124507.27221704394
2021-04-17 23:42:20.591465,124028.41053244183
2021-04-18 23:42:20.591465,124578.24871676699
2021-04-19 23:42:20.591465,124520.68696346981
2021-04-20 23:42:20.591465,125517.27054345918
2021-04-21 23:42:20.591465,125944.3179608892
2021-04-22 23:42:20.591465,127268.47830620647
2021-04-23 23:42:20.591465,125509.84663930458
2021-04-24 23:42:20.591465,125133.88301742461
2021-04-25 23:42:20.591465,124479.63342909179
2021-04-26 23:42:20.591465,123390.76496997356
2021-04-27 23:42:20.591465,124581.0360255379
2021-04-28 23:42:20.591465,122276.17194114809
2021-04-29 23:42:20.591465,123912.9870000516
2021-04-30 23:42:20.591465,124604.09968777759
2021-05-01 23:42:20.591465,126394.75919194189
2021-05-02 23:42:20.591465,124775.54432280331
2021-05-03 23:42:20.591465,124026.9469212923
2021-05-04 23:42:20.591465,123768.62165996086
2021-05-05 23:42:20.591465,123985.22985479476
2021-05-06 23:42:20.591465,123575.8322991884
2021-05-07 23:42:20.591465,123156.69658527906
2021-05-08 23:42:20.591465,122868.33997055862
2021-05-09 23:42:20.591465,121269.26473255837
2021-05-10 23:42:20.591465,119419.50400405914
2021-05-11 23:42:20.591465,118981.26129279932
2021-05-12 23:42:20.591465,120679.3272572493
2021-05-13 23:42:20.591465,119304.1524286085
2021-05-14 23:42:20.591465,119531.80783136796
2021-05-15 23:42:20.591465,118394.06419087414
2021-05-16 23:42:20.591465,120539.73442850656
2021-05-17 23:42:20.591465,120315.89868039916
2021-05-18 23:42:20.591465,120078.22824727866
2021-05-19 23:42:20.591465,120608.43696789326
2021-05-20 23:42:20.591465,120533.08972308614
2021-05-21 23:42:20.591465,121316.3980549498
2021-05-22 23:42:20.591465,122994.90194629526
2021-05-23 23:42:20.591465,120706.33712086563
2021-05-24 23:42:20.591465,120790.94851547286
2021-05-25 23:42:20.591465,121771.4836369633
2021-05-26 23:42:20.591465,124115.1517971315
2021-05-27 23:42:20.591465,125603.98442573028
2021-05-28 23:42:20.591465,125972.12087114682
2021-05-29 23:42:20.591465,127795.9452122
2021-05-30 23:42:20.591465,128351.17299914366
2021-05-31 23:42:20.591465,126208.59817800323
2021-06-01 23:42:20.591465,127933.17363378574
2021-06-02 23:42:20.591465,128496.40616717859
2021-06-03 23:42:20.591465,128076.0135483781
2021-06-04 23:42:20.591465,126939.5028743033
2021-06-05 23:42:20.591465,126436.62887299967
2021-06-06 23:42:20.591465,126973.20919223795
2021-06-07 23:42:20.591465,125718.04199740771
2021-06-08 23:42:20.591465,127393.36334936961
2021-06-09 23:42:20.591465,126192.6729941435
2021-06-10 23:42:20.591465,127470.6313831143
2021-06-11 23:42:20.591465,128079.41408795807
2021-06-12 23:42:20.591465,130468.22841741999
2021-06-13 23:42:20.591465,132200.9157841071
2021-06-14 23:42:20.591465,130449.70648542067
2021-06-15 23:42:20.591465,131372.28047949952
2021-06-16 23:42:20.591465,130913.5386408232
2021-06-17 23:42:20.591465,131343.56958418325
2021-06-18 23:42:20.591465,132319.76726715505
2021-06-19 23:42:20.591465,131198.4799936357
2021-06-20 23:42:20.591465,130357.43953725896
2021-06-21 23:42:20.591465,130501.42994438908
2021-06-22 23:42:20.591465,129671.86534080893
2021-06-23 23:42:20.591465,129573.2768049881
2021-06-24 23:42:20.591465,129288.80657644445
2021-06-25 23:42:20.591465,129898.6198322736
2021-06-26 23:42:20.591465,130909.83550419487
2021-06-27 23:42:20.591465,130154.90306447007
2021-06-28 23:42:20.591465,130824.14512559683
2021-06-29 23:42:20.591465,131730.093232025
2021-06-30 23:42:20.591465,131569.75472300456
2021-07-01 23:42:20.591465,133027.32416912107
2021-07-02 23:42:20.591465,131201.09268309796
2021-07-03 23:42:20.591465,128341.95618984288
2021-07-04 23:42:20.591465,128528.38065819231
2021-07-05 23:42:20.591465,127852.41679678869
2021-07-06 23:42:20.591465,127649.8253300656
2021-07-07 23:42:20.591465,127715.00102012474
2021-07-08 23:42:20.591465,129131.02708914531
2021-07-09 23:42:20.591465,131926.11842137002
2021-07-10 23:42:20.591465,133459.2227057627
2021-07-11 23:42:20.591465,134242.4931398291
2021-07-12 23:42:20.591465,132130.3153763145
2021-07-13 23:42:20.591465,133166.87381723552
2021-07-14 23:42:20.591465,132768.28033415665
2021-07-15 23:42:20.591465,133987.98265030104
2021-07-16 23:42:20.591465,136099.73122129464
2021-07-17 23:42:20.591465,135705.3130382256
2021-07-18 23:42:20.591465,138413.66607722038
2021-07-19 23:42:20.591465,140253.35374262652
2021-07-20 23:42:20.591465,141648.81045565283
2021-07-21 23:42:20.591465,142585.41869216584
2021-07-22 23:42:20.591465,143625.47595029738
2021-07-23 23:42:20.591465,141365.0940907626
2021-07-24 23:42:20.591465,140879.72503874308
2021-07-25 23:42:20.591465,139035.21327654523
2021-07-26 23:42:20.591465,140632.50676878836
2021-07-27 23:42:20.591465,141249.29575883973
2021-07-28 23:42:20.591465,139887.35420394214
2021-07-29 23:42:20.591465,140560.81562528308
2021-07-30 23:42:20.591465,137942.42910710693
2021-07-31 23:42:20.591465,140833.49971976678
2021-08-01 23:42:20.591465,142981.04363085792
2021-08-02 23:42:20.591465,145525.27436837184
2021-08-03 23:42:20.591465,144185.5385045378
2021-08-04 23:42:20.591465,146343.5911837883
2021-08-05 23:42:20.591465,146689.94814663957
2021-08-06 23:42:20.591465,146440.28983470955
2021-08-07 23:42:20.591465,144622.24278724391
2021-08-08 23:42:20.591465,142948.9736137396
2021-08-09 23:42:20.591465,145596.71908309075
2021-08-10 23:42:20.591465,147248.2554088746
2021-08-11 23:42:20.591465,151558.48197319603
2021-08-12 23:42:20.591465,151192.7472835919
2021-08-13 23:42:20.591465,150648.18274123396
2021-08-14 23:42:20.591465,148826.31350961665
2021-08-15 23:42:20.591465,149275.9950468507
2021-08-16 23:42:20.591465,146705.42604860433
2021-08-17 23:42:20.591465,149502.67523563094
2021-08-18 23:42:20.591465,150617.1201445299
2021-08-19 23:42:20.591465,153254.96178667387
2021-08-20 23:42:20.591465,154133.6997344316
2021-08-21 23:42:20.591465,152621.50810819518
2021-08-22 23:42:20.591465,155008.34647387423
2021-08-23 23:42:20.591465,154801.9882462
2021-08-24 23:42:20.591465,156645.11123859245
2021-08-25 23:42:20.591465,154902.38951432196
2021-08-26 23:42:20.591465,155529.8585752227
2021-08-27 23:42:20.591465,155179.55406927972
2021-08-28 23:42:20.591465,157424.3011179782
2021-08-29 23:42:20.591465,159169.08515612475
2021-08-30 23:42:20.591465,160045.31569543883
2021-08-31 23:42:20.591465,160988.25166473258
2021-09-01 23:42:20.591465,159328.43042216223
2021-09-02 23:42:20.591465,158198.69877980454
2021-09-03 23:42:20.591465,159170.8183543804
2021-09-04 23:42:20.591465,156098.96620556098
2021-09-05 23:42:20.591465,154728.46297409546
2021-09-06 23:42:20.591465,153960.83656397738
2021-09-07 23:42:20.591465,156184.4085978185
2021-09-08 23:42:20.591465,155587.76794580973
2021-09-09 23:42:20.591465,153996.21866427964
2021-09-10 23:42:20.591465,157082.6925096001
2021-09-11 23:42:20.591465,157253.07540678172
2021-09-12 23:42:20.591465,159596.21781421744
2021-09-13 23:42:20.591465,161652.1245734231
2021-09-14 23:42:20.591465,159699.0441222369
2021-09-15 23:42:20.591465,160587.10712337427
2021-09-16 23:42:20.591465,160839.34596060164
2021-09-17 23:42:20.591465,161477.82493860074
2021-09-18 23:42:20.591465,163717.7628087576
2021-09-19 23:42:20.591465,163308.27753604652
2021-09-20 23:42:20.591465,161059.58495888746
2021-09-21 23:42:20.591465,162333.86732945748
2021-09-22 23:42:20.591465,162978.34104153598
2021-09-23 23:42:20.591465,159820.9132625391
2021-09-24 23:42:20.591465,161735.64762195988
2021-09-25 23:42:20.591465,160545.69462342965
2021-09-26 23:42:20.591465,160819.21310902128
2021-09-27 23:42:20.591465,160181.5054857206
2021-09-28 23:42:20.591465,159772.58255272353
2021-09-29 23:42:20.591465,160428.30017599178
2021-09-30 23:42:20.591465,161572.51493424733
2021-10-01 23:42:20.591465,162858.88534532863
2021-10-02 23:42:20.591465,161627.86282249217
2021-10-03 23:42:20.591465,162579.96785275816
2021-10-04 23:42:20.591465,162874.34905123504
2021-10-05 23:42:20.591465,165928.67385269393
2021-10-06 23:42:20.591465,163612.28296648955
2021-10-07 23:42:20.591465,165293.43915953368
2021-10-08 23:42:20.591465,169498.99493650312
2021-10-09 23:42:20.591465,169366.1790343768
2021-10-10 23:42:20.591465,167802.47212163772
2021-10-11 23:42:20.591465,168016.32502117194
2021-10-12 23:42:20.591465,169732.13670017532
2021-10-13 23:42:20.591465,170333.92786060745
2021-10-14 23:42:20.591465,173275.25169219583
2021-10-15 23:42:20.591465,173125.24588043353
2021-10-16 23:42:20.591465,171385.76426758198
2021-10-17 23:42:20.591465,176539.83077776228
2021-10-18 23:42:20.591465,177598.4636450174
2021-10-19 23:42:20.591465,173585.90191942765
2021-10-20 23:42:20.591465,172417.22520753535
2021-10-21 23:42:20.591465,173563.21562451334
2021-10-22 23:42:20.591465,174413.3107354853
2021-10-23 23:42:20.591465,176229.90662543703
2021-10-24 23:42:20.591465,175817.94355637202
2021-10-25 23:42:20.591465,177171.3316774811
2021-10-26 23:42:20.591465,180034.29345640074
2021-10-27 23:42:20.591465,181960.8482299843
2021-10-28 23:42:20.591465,179047.43097970082
2021-10-29 23:42:20.591465,180914.39863624057
2021-10-30 23:42:20.591465,181847.27324178108
2021-10-31 23:42:20.591465,181190.36512153095
2021-11-01 23:42:20.591465,182012.74935734554
2021-11-02 23:42:20.591465,181886.66866924794
2021-11-03 23:42:20.591465,181932.31263586978
2021-11-04 23:42:20.591465,181627.91571245476
2021-11-05 23:42:20.591465,181761.50880772766
2021-11-06 23:42:20.591465,180650.80133772586
2021-11-07 23:42:20.591465,178900.6832987695
2021-11-08 23:42:20.591465,182100.0912640384
2021-11-09 23:42:20.591465,181497.0365308502
2021-11-10 23:42:20.591465,181100.36739043417
2021-11-11 23:42:20.591465,182448.9347660885
2021-11-12 23:42:20.591465,182113.25032193714
2021-11-13 23:42:20.591465,184727.13484745118
2021-11-14 23:42:20.591465,183625.95202379988
2021-11-15 23:42:20.591465,183506.48855961856
2021-11-16 23:42:20.591465,185502.90051733732
2021-11-17 23:42:20.591465,186195.42669057968
2021-11-18 23:42:20.591465,186403.42424589265
2021-11-19 23:42:20.591465,189100.7375709296
2021-11-20 23:42:20.591465,186210.0372115873
2021-11-21 23:42:20.591465,185037.09004347934
2021-11-22 23:42:20.591465,183182.1148413684
2021-11-23 23:42:20.591465,184848.34232304525
2021-11-24 23:42:20.591465,185430.08636720825
2021-11-25 23:42:20.591465,190303.8064819693
2021-11-26 23:42:20.591465,189418.1234113912
2021-11-27 23:42:20.591465,190894.2451938234
2021-11-28 23:42:20.591465,192070.48370065016
2021-11-29 23:42:20.591465,191522.83682813475
2021-11-30 23:42:20.591465,190235.3986240139
2021-12-01 23:42:20.591465,190232.28330915445
2021-12-02 23:42:20.591465,187631.64207542225
2021-12-03 23:42:20.591465,185027.6368784522
2021-12-04 23:42:20.591465,187819.79559337266
2021-12-05 23:42:20.591465,187509.10207102488
2021-12-06 23:42:20.591465,186359.51401193428
2021-12-07 23:42:20.591465,186848.4911600742
2021-12-08 23:42:20.591465,186863.41835461845
2021-12-09 23:42:20.591465,189691.0963444656
2021-12-10 23:42:20.591465,189064.39460779337
2021-12-11 23:42:20.591465,190047.9278414306
2021-12-12 23:42:20.591465,187466.14186346796
2021-12-13 23:42:20.591465,186628.13065458759
2021-12-14 23:42:20.591465,183469.72776032175
2021-12-15 23:42:20.591465,184214.4460469587
2021-12-16 23:42:20.591465,182249.81654228832
2021-12-17 23:42:20.591465,182713.80134700215
2021-12-18 23:42:20.591465,182929.67543467542
2021-12-19 23:42:20.591465,182561.3545708135
2021-12-20 23:42:20.591465,182486.30750952207
2021-12-21 23:42:20.591465,182511.96151270514
2021-12-22 23:42:20.591465,180948.73486642304
2021-12-23 23:42:20.591465,180897.0503841383
2021-12-24 23:42:20.591465,180835.55560594905
2021-12-25 23:42:20.591465,180316.47750086497
2021-12-26 23:42:20.591465,181889.5611306682
2021-12-27 23:42:20.591465,181624.75099309898
2021-12-28 23:42:20.591465,180513.09238619125
2021-12-29 23:42:20.591465,177294.054792223
2021-12-30 23:42:20.591465,174634.81159558558
2021-12-31 23:42:20.591465,177649.7021932493
2022-01-01 23:42:20.591465,178226.04690683883
2022-01-02 23:42:20.591465,178369.2971272565
2022-01-03 23:42:20.591465,182000.79308704534
2022-01-04 23:42:20.591465,183871.22680530505
2022-01-05 23:42:20.591465,182165.50864846547
2022-01-06 23:42:20.591465,179865.01503881076
2022-01-07 23:42:20.591465,178681.31470012653
2022-01-08 23:42:20.591465,180041.5603484619
2022-01-09 23:42:20.591465,181044.57412016616
2022-01-10 23:42:20.591465,181269.78656257587
2022-01-11 23:42:20.591465,180873.07487409364
2022-01-12 23:42:20.591465,180384.43162573015
2022-01-13 23:42:20.591465,179825.9394542992
2022-01-14 23:42:20.591465,179728.58303230337
2022-01-15 23:42:20.591465,179433.01323064574
2022-01-16 23:42:20.591465,177200.9280011661
2022-01-17 23:42:20.591465,175926.83614089733
2022-01-18 23:42:20.591465,178691.12824975367
2022-01-19 23:42:20.591465,177485.20723865152
2022-01-20 23:42:20.591465,178077.7871698013
2022-01-21 23:42:20.591465,177436.17032388097
2022-01-22 23:42:20.591465,175046.67397095292
2022-01-23 23:42:20.591465,174717.8851016796
2022-01-24 23:42:20.591465,174979.16696937603
2022-01-25 23:42:20.591465,174803.4819271239
2022-01-26 23:42:20.591465,174755.25843823288
2022-01-27 23:42:20.591465,174331.53861073678
2022-01-28 23:42:20.591465,172946.72412524707
2022-01-29 23:42:20.591465,173761.53725827613
2022-01-30 23:42:20.591465,173607.17038585374
2022-01-31 23:42:20.591465,170942.50812399326
2022-02-01 23:42:20.591465,174367.54136882658
2022-02-02 23:42:20.591465,175410.24932653512
2022-02-03 23:42:20.591465,179040.10809042843
2022-02-04 23:42:20.591465,177968.163641069
2022-02-05 23:42:20.591465,178772.01025126173
2022-02-06 23:42:20.591465,178536.9690437583
2022-02-07 23:42:20.591465,175126.21903014844
2022-02-08 23:42:20.591465,173242.61273203386
2022-02-09 23:42:20.591465,172641.28473981912
2022-02-10 23:42:20.591465,171682.92378694876
2022-02-11 23:42:20.591465,169272.35000885892
2022-02-12 23:42:20.591465,168667.22448984516
2022-02-13 23:42:20.591465,167441.15064505656
2022-02-14 23:42:20.591465,168003.19461470717
2022-02-15 23:42:20.591465,164903.16265795185
2022-02-16 23:42:20.591465,164666.91476728447
2022-02-17 23:42:20.591465,165422.00201742162
2022-02-18 23:42:20.591465,164298.82975980468
2022-02-19 23:42:20.591465,163793.38982391488
2022-02-20 23:42:20.591465,166428.68527943996
2022-02-21 23:42:20.591465,165430.52482978883
2022-02-22 23:42:20.591465,164889.48383569127
2022-02-23 23:42:20.591465,162964.31855783344
2022-02-24 23:42:20.591465,162694.4853859936
2022-02-25 23:42:20.591465,161714.2426937401
2022-02-26 23:42:20.591465,160533.76757413216
2022-02-27 23:42:20.591465,160233.01721436065
2022-02-28 23:42:20.591465,157746.3696577543
2022-03-01 23:42:20.591465,159363.94676441146
2022-03-02 23:42:20.591465,159880.3209606485
2022-03-03 23:42:20.591465,159765.86599864965
2022-03-04 23:42:20.591465,159348.7719431431
2022-03-05 23:42:20.591465,159776.89660311525
2022-03-06 23:42:20.591465,157749.73390566718
2022-03-07 23:42:20.591465,156106.4638576196
2022-03-08 23:42:20.591465,157974.2478548917
2022-03-09 23:42:20.591465,156871.08837910194
2022-03-10 23:42:20.591465,158271.00015170273
2022-03-11 23:42:20.591465,156517.71723925718
2022-03-12 23:42:20.591465,154476.26336615183
2022-03-13 23:42:20.591465,153598.2241611473
2022-03-14 23:42:20.591465,154924.6198675777
2022-03-15 23:42:20.591465,153105.21199167348
2022-03-16 23:42:20.591465,151835.34523187293
2022-03-17 23:42:20.591465,152435.44754239358
2022-03-18 23:42:20.591465,152416.41139681288
2022-03-19 23:42:20.591465,150313.08110230372
2022-03-20 23:42:20.591465,151013.64996194653
2022-03-21 23:42:20.591465,147430.5345086566
2022-03-22 23:42:20.591465,149480.19038904892
2022-03-23 23:42:20.591465,151851.27642337387
2022-03-24 23:42:20.591465,151364.98968565316
2022-03-25 23:42:20.591465,149067.66430070857
2022-03-26 23:42:20.591465,148723.00088804297
2022-03-27 23:42:20.591465,148418.02346617472
2022-03-28 23:42:20.591465,146828.2109692435
2022-03-29 23:42:20.591465,145672.48169045476
2022-03-30 23:42:20.591465,145534.36934370152
2022-03-31 23:42:20.591465,144211.24016499068
2022-04-01 23:42:20.591465,144288.86233977787
2022-04-02 23:42:20.591465,147348.09247894472
2022-04-03 23:42:20.591465,145973.27892485747
2022-04-04 23:42:20.591465,147425.0520970012
2022-04-05 23:42:20.591465,147206.83102136408
2022-04-06 23:42:20.591465,148459.01804649725
2022-04-07 23:42:20.591465,149379.11132661861
2022-04-08 23:42:20.591465,148061.59065312138
2022-04-09 23:42:20.591465,147747.84836018702
2022-04-10 23:42:20.591465,148289.80648889192
2022-04-11 23:42:20.591465,148050.10963863172
2022-04-12 23:42:20.591465,151105.5354056621
2022-04-13 23:42:20.591465,150109.2769480003
2022-04-14 23:42:20.591465,147766.98135929505
2022-04-15 23:42:20.591465,145986.58726353705
2022-04-16 23:42:20.591465,145547.47320803837
2022-04-17 23:42:20.591465,145754.73494993214
2022-04-18 23:42:20.591465,144622.7606342128
2022-04-19 23:42:20.591465,144800.80637907263
2022-04-20 23:42:20.591465,144663.0803942815
2022-04-21 23:42:20.591465,146884.214016422
2022-04-22 23:42:20.591465,146394.68582028255
2022-04-23 23:42:20.591465,147185.7574554215
2022-04-24 23:42:20.591465,146187.8010961628
2022-04-25 23:42:20.591465,146723.36812241972
2022-04-26 23:42:20.591465,147131.05663596164
2022-04-27 23:42:20.591465,145614.3093482451
2022-04-28 23:42:20.591465,145246.753927189
2022-04-29 23:42:20.591465,144651.79798540706
2022-04-30 23:42:20.591465,144710.89232641354
2022-05-01 23:42:20.591465,145692.24737747415
2022-05-02 23:42:20.591465,144967.92489133874
2022-05-03 23:42:20.591465,145369.67723623343
2022-05-04 23:42:20.591465,146737.6101209079
2022-05-05 23:42:20.591465,145391.92266220646
2022-05-06 23:42:20.591465,143695.9938434764
2022-05-07 23:42:20.591465,143835.0052005131
2022-05-08 23:42:20.591465,145030.94486084912
2022-05-09 23:42:20.591465,142128.25675053033
2022-05-10 23:42:20.591465,141369.58761318703
2022-05-11 23:42:20.591465,139531.17679460256
2022-05-12 23:42:20.591465,137628.44143671385
2022-05-13 23:42:20.591465,135358.1423384868
2022-05-14 23:42:20.591465,135440.18374178893
2022-05-15 23:42:20.591465,136617.07403118236
2022-05-16 23:42:20.591465,141571.6936441065
2022-05-17 23:42:20.591465,141263.97843662955
2022-05-18 23:42:20.591465,141496.58029588335
2022-05-19 23:42:20.591465,140397.50650956156
2022-05-20 23:42:20.591465,139227.48616199603
2022-05-21 23:42:20.591465,138616.7942041545
2022-05-22 23:42:20.591465,139846.40327231452
2022-05-23 23:42:20.591465,138978.1684020373
2022-05-24 23:42:20.591465,138824.5375002603
2022-05-25 23:42:20.591465,137838.44385824964
2022-05-26 23:42:20.591465,137220.2337226308
2022-05-27 23:42:20.591465,138432.81720734024
2022-05-28 23:42:20.591465,139484.1663572531
2022-05-29 23:42:20.591465,139664.59245213334
2022-05-30 23:42:20.591465,140142.55542665624
2022-05-31 23:42:20.591465,140920.9004634014
2022-06-01 23:42:20.591465,140713.42261842216
2022-06-02 23:42:20.591465,139828.35528792712
2022-06-03 23:42:20.591465,142057.68898756438
2022-06-04 23:42:20.591465,142318.0102337714
2022-06-05 23:42:20.591465,141348.59685486543
2022-06-06 23:42:20.591465,140413.23484406242
2022-06-07 23:42:20.591465,140377.7188828608
2022-06-08 23:42:20.591465,139312.87993399505
2022-06-09 23:42:20.591465,138494.39347219976
2022-06-10 23:42:20.591465,139432.10938167962
2022-06-11 23:42:20.591465,137577.40575561204
2022-06-12 23:42:20.591465,134711.25824825963
2022-06-13 23:42:20.591465,135038.23525329074
2022-06-14 23:42:20.591465,135536.02213113455
2022-06-15 23:42:20.591465,134381.4370940155
2022-06-16 23:42:20.591465,133442.07102107137
2022-06-17 23:42:20.591465,133717.1088354481
2022-06-18 23:42:20.591465,133946.74680494724
2022-06-19 23:42:20.591465,134733.57196449224
2022-06-20 23:42:20.591465,133110.29889856244
2022-06-21 23:42:20.591465,135225.48672629643
2022-06-22 23:42:20.591465,134736.8930028401
2022-06-23 23:42:20.591465,133939.1205462296
2022-06-24 23:42:20.591465,132894.48268011492
2022-06-25 23:42:20.591465,132028.15876540577
2022-06-26 23:42:20.591465,134570.87076269154
2022-06-27 23:42:20.591465,135547.12347562858
2022-06-28 23:42:20.591465,135071.05539738914
2022-06-29 23:42:20.591465,135330.64759886297
2022-06-30 23:42:20.591465,135192.09207798957
2022-07-01 23:42:20.591465,137401.3250225926
2022-07-02 23:42:20.591465,137171.24097067272
2022-07-03 23:42:20.591465,136099.00531902473
2022-07-04 23:42:20.591465,137254.95378093983
2022-07-05 23:42:20.591465,136617.74441776917
2022-07-06 23:42:20.591465,136515.52516085727
2022-07-07 23:42:20.591465,136543.8711076054
2022-07-08 23:42:20.591465,138180.8945323399
2022-07-09 23:42:20.591465,137602.0558781391
2022-07-10 23:42:20.591465,137932.4232892156
2022-07-11 23:42:20.591465,138501.74557428365
2022-07-12 23:42:20.591465,139026.22311591293
2022-07-13 23:42:20.591465,138403.29061417788
2022-07-14 23:42:20.591465,139929.27372005157
2022-07-15 23:42:20.591465,138718.72516739054
2022-07-16 23:42:20.591465,139340.01169546618
2022-07-17 23:42:20.591465,139422.29788048627
2022-07-18 23:42:20.591465,138826.3054360105
2022-07-19 23:42:20.591465,140846.98130784242
2022-07-20 23:42:20.591465,141367.8326911516
2022-07-21 23:42:20.591465,139273.57912512607
2022-07-22 23:42:20.591465,137367.60309475745
2022-07-23 23:42:20.591465,135562.9261390235
2022-07-24 23:42:20.591465,136292.4055219829
2022-07-25 23:42:20.591465,136150.7840271628
2022-07-26 23:42:20.591465,137038.97277138324
2022-07-27 23:42:20.591465,136717.6269552867
2022-07-28 23:42:20.591465,137016.26376899172
2022-07-29 23:42:20.591465,138776.5629185429
2022-07-30 23:42:20.591465,138819.5653828508
2022-07-31 23:42:20.591465,134941.69474384215
2022-08-01 23:42:20.591465,135626.4040091259
2022-08-02 23:42:20.591465,134361.52241988716
2022-08-03 23:42:20.591465,135278.58919934143
2022-08-04 23:42:20.591465,134190.33438644884
2022-08-05 23:42:20.591465,135298.72026233253
2022-08-06 23:42:20.591465,135958.4466848846
2022-08-07 23:42:20.591465,136491.27821395177
2022-08-08 23:42:20.591465,135585.47278724416
2022-08-09 23:42:20.591465,135762.19761737934
2022-08-10 23:42:20.591465,135173.81204040814
2022-08-11 23:42:20.591465,136041.76930945553
2022-08-12 23:42:20.591465,136883.30680352906
2022-08-13 23:42:20.591465,136629.1393882671
2022-08-14 23:42:20.591465,139220.43232908496
2022-08-15 23:42:20.591465,139025.03199300336
2022-08-16 23:42:20.591465,142652.630076687
2022-08-17 23:42:20.591465,144460.06565351566
2022-08-18 23:42:20.591465,147404.78993239673
2022-08-19 23:42:20.591465,148615.95147645692
2022-08-20 23:42:20.591465,150628.87504477863
2022-08-21 23:42:20.591465,149526.83856125057
2022-08-22 23:42:20.591465,150895.60449141302
2022-08-23 23:42:20.591465,150220.75794197508
2022-08-24 23:42:20.591465,149476.13763556303
2022-08-25 23:42:20.591465,150708.15433790637
2022-08-26 23:42:20.591465,151169.24686961266
2022-08-27 23:42:20.591465,149619.70096157352
2022-08-28 23:42:20.591465,150079.8210588932
2022-08-29 23:42:20.591465,150916.9463669072
2022-08-30 23:42:20.591465,151195.0227404743
2022-08-31 23:42:20.591465,151065.34509675796
2022-09-01 23:42:20.591465,150787.305617543
2022-09-02 23:42:20.591465,151692.97952484066
2022-09-03 23:42:20.591465,151289.82125448828
2022-09-04 23:42:20.591465,151298.8359307917
2022-09-05 23:42:20.591465,151588.496127364
2022-09-06 23:42:20.591465,151307.69221860135
2022-09-07 23:42:20.591465,152853.5364527617
2022-09-08 23:42:20.591465,152484.23086296933
2022-09-09 23:42:20.591465,152190.19012275277
2022-09-10 23:42:20.591465,151421.3157387254
2022-09-11 23:42:20.591465,151287.85464712259
2022-09-12 23:42:20.591465,153484.3258039897
2022-09-13 23:42:20.591465,150487.46253529435
2022-09-14 23:42:20.591465,151654.3736207481
2022-09-15 23:42:20.591465,153599.08012574274
2022-09-16 23:42:20.591465,152058.95304824048
2022-09-17 23:42:20.591465,151101.41068899925
2022-09-18 23:42:20.591465,152946.38637131502
2022-09-19 23:42:20.591465,151974.02391776186
2022-09-20 23:42:20.591465,151054.08620051554
2022-09-21 23:42:20.591465,149352.05677095306
2022-09-22 23:42:20.591465,148168.52020977912
2022-09-23 23:42:20.591465,147016.61916535324
2022-09-24 23:42:20.591465,149731.02810382957
2022-09-25 23:42:20.591465,148268.81674234098
2022-09-26 23:42:20.591465,147688.26756066954
2022-09-27 23:42:20.591465,148892.64208267597
2022-09-28 23:42:20.591465,149350.52635136634
2022-09-29 23:42:20.591465,148090.9386064349
2022-09-30 23:42:20.591465,151696.78754165012
2022-10-01 23:42:20.591465,150875.90442810216
2022-10-02 23:42:20.591465,151205.76209660043
2022-10-03 23:42:20.591465,154111.37763991396
2022-10-04 23:42:20.591465,153153.55938867558
2022-10-05 23:42:20.591465,151476.14847707498
2022-10-06 23:42:20.591465,153002.6266560023
2022-10-07 23:42:20.591465,153576.27482358625
2022-10-08 23:42:20.591465,153044.86126432745
2022-10-09 23:42:20.591465,150326.30688092654
2022-10-10 23:42:20.591465,151149.289135617
2022-10-11 23:42:20.591465,151535.26648382246
2022-10-12 23:42:20.591465,152097.87131941045
2022-10-13 23:42:20.591465,150676.49842252414
2022-10-14 23:42:20.591465,148783.94018459518
2022-10-15 23:42:20.591465,148964.97992612259
2022-10-16 23:42:20.591465,148455.19407965452
2022-10-17 23:42:20.591465,150376.16127886478
2022-10-18 23:42:20.591465,150558.9788599687
2022-10-19 23:42:20.591465,151623.69137656677
2022-10-20 23:42:20.591465,151435.53513989164
2022-10-21 23:42:20.591465,151831.97388191475
2022-10-22 23:42:20.591465,153068.57598360148
2022-10-23 23:42:20.591465,152736.04488598483
2022-10-24 23:42:20.591465,153180.63922765298
2022-10-25 23:42:20.591465,150239.2384378152
2022-10-26 23:42:20.591465,148366.67772026363
2022-10-27 23:42:20.591465,147881.737640024
2022-10-28 23:42:20.591465,146588.18157010237
2022-10-29 23:42:20.591465,146502.22120129302
2022-10-30 23:42:20.591465,149645.20421846025
2022-10-31 23:42:20.591465,151083.08933711122
2022-11-01 23:42:20.591465,153782.01359957902
2022-11-02 23:42:20.591465,150497.89316872662
2022-11-03 23:42:20.591465,147930.9750414655
2022-11-04 23:42:20.591465,148357.54627435765
2022-11-05 23:42:20.591465,149193.89544694027
2022-11-06 23:42:20.591465,148917.39900773592
2022-11-07 23:42:20.591465,148624.6511206846
2022-11-08 23:42:20.591465,147880.50069255682
2022-11-09 23:42:20.591465,148449.38223658275
2022-11-10 23:42:20.591465,147535.34310718326
2022-11-11 23:42:20.591465,147143.46620805457
2022-11-12 23:42:20.591465,146762.51942414744
2022-11-13 23:42:20.591465,145473.53673566142
2022-11-14 23:42:20.591465,147766.81332960093
2022-11-15 23:42:20.591465,148858.6054328336
2022-11-16 23:42:20.591465,148467.48396542744
2022-11-17 23:42:20.591465,148454.8421354615
2022-11-18 23:42:20.591465,148868.81970757153
2022-11-19 23:42:20.591465,146699.772843969
2022-11-20 23:42:20.591465,147376.41985809646
2022-11-21 23:42:20.591465,145722.8890201104
2022-11-22 23:42:20.591465,147035.20090743332
2022-11-23 23:42:20.591465,147114.73249684036
2022-11-24 23:42:20.591465,146683.30464918533
2022-11-25 23:42:20.591465,145835.62632211993
2022-11-26 23:42:20.591465,144371.27694754253
2022-11-27 23:42:20.591465,142028.762882393
2022-11-28 23:42:20.591465,142083.7431273113
2022-11-29 23:42:20.591465,139760.95673387885
2022-11-30 23:42:20.591465,139165.92541117023
2022-12-01 23:42:20.591465,138213.73716185376
2022-12-02 23:42:20.591465,138540.30423705422
2022-12-03 23:42:20.591465,139883.34735032896
2022-12-04 23:42:20.591465,138111.63934252493
2022-12-05 23:42:20.591465,140480.26570483966
2022-12-06 23:42:20.591465,141053.73306635444
2022-12-07 23:42:20.591465,139378.66949079474
2022-12-08 23:42:20.591465,139273.14132346198
2022-12-09 23:42:20.591465,137183.08807730587
2022-12-10 23:42:20.591465,138240.05397639392
2022-12-11 23:42:20.591465,137984.94348168877
2022-12-12 23:42:20.591465,140282.83899291625
2022-12-13 23:42:20.591465,139384.6899187773
2022-12-14 23:42:20.591465,138749.8501573515
2022-12-15 23:42:20.591465,137486.4446269564
2022-12-16 23:42:20.591465,138169.24186398386
2022-12-17 23:42:20.591465,138820.80304145906
2022-12-18 23:42:20.591465,139112.42565424435
2022-12-19 23:42:20.591465,140621.6858976574
2022-12-20 23:42:20.591465,142318.80082188235
2022-12-21 23:42:20.591465,143325.69143096817
2022-12-22 23:42:20.591465,144667.99626196353
2022-12-23 23:42:20.591465,143262.99591912495
2022-12-24 23:42:20.591465,143111.113310953
2022-12-25 23:42:20.591465,144403.0528853562
2022-12-26 23:42:20.591465,143408.3503788989
2022-12-27 23:42:20.591465,143924.36009258122
2022-12-28 23:42:20.591465,142944.03814351847
2022-12-29 23:42:20.591465,144648.80408672994
2022-12-30 23:42:20.591465,144304.26377426996
2022-12-31 23:42:20.591465,145776.5791640292
2023-01-01 23:42:20.591465,142469.08413807218
2023-01-02 23:42:20.591465,143046.80992436534
2023-01-03 23:42:20.591465,141241.44280888676
2023-01-04 23:42:20.591465,141261.6023794538
2023-01-05 23:42:20.591465,141050.13181452788
2023-01-06 23:42:20.591465,142004.02890947383
2023-01-07 23:42:20.591465,144777.74773779995
2023-01-08 23:42:20.591465,146299.43103938707
2023-01-09 23:42:20.591465,145085.04721612603
2023-01-10 23:42:20.591465,146053.1455218763
2023-01-11 23:42:20.591465,145912.3749095707
2023-01-12 23:42:20.591465,146580.76038774592
2023-01-13 23:42:20.591465,145697.43989054253
2023-01-14 23:42:20.591465,143652.67467670262
2023-01-15 23:42:20.591465,141052.25636987845
2023-01-16 23:42:20.591465,138545.87116558297
2023-01-17 23:42:20.591465,138373.87566373975
2023-01-18 23:42:20.591465,138477.28055749956
2023-01-19 23:42:20.591465,137079.21877744753
2023-01-20 23:42:20.591465,139402.62396166511
2023-01-21 23:42:20.591465,138035.69996897114
2023-01-22 23:42:20.591465,138330.23828761006
2023-01-23 23:42:20.591465,138116.0584080694
2023-01-24 23:42:20.591465,138966.73566504702
2023-01-25 23:42:20.591465,139295.19551614826
2023-01-26 23:42:20.591465,141085.63075395612
2023-01-27 23:42:20.591465,139339.05101905836
2023-01-28 23:42:20.591465,140773.65657959357
2023-01-29 23:42:20.591465,140371.143274939
2023-01-30 23:42:20.591465,141526.83076875197
2023-01-31 23:42:20.591465,139766.37630076002
2023-02-01 23:42:20.591465,142009.5461040521
2023-02-02 23:42:20.591465,142220.95520628532
2023-02-03 23:42:20.591465,141137.84214306122
2023-02-04 23:42:20.591465,139908.28322264165
2023-02-05 23:42:20.591465,140102.3939345647
2023-02-06 23:42:20.591465,141432.48610337373
2023-02-07 23:42:20.591465,143147.04326444503
2023-02-08 23:42:20.591465,142726.3262191513
2023-02-09 23:42:20.591465,142999.99201833233
2023-02-10 23:42:20.591465,143373.45049757854
2023-02-11 23:42:20.591465,143761.74096549663
2023-02-12 23:42:20.591465,144176.23509719543
2023-02-13 23:42:20.591465,143877.83839443492
2023-02-14 23:42:20.591465,143130.37194387874
2023-02-15 23:42:20.591465,140433.986435546
2023-02-16 23:42:20.591465,142231.38805392353
2023-02-17 23:42:20.591465,146259.05055327743
2023-02-18 23:42:20.591465,144610.44732961163
2023-02-19 23:42:20.591465,143438.87712747857
2023-02-20 23:42:20.591465,145341.61358260375
2023-02-21 23:42:20.591465,143194.5457320165
2023-02-22 23:42:20.591465,141825.65051259808
2023-02-23 23:42:20.591465,143091.00258935298
2023-02-24 23:42:20.591465,141470.55004452035
2023-02-25 23:42:20.591465,141490.16580665245
2023-02-26 23:42:20.591465,143102.91121883754
2023-02-27 23:42:20.591465,145846.61098626192
2023-02-28 23:42:20.591465,146553.89842990768
2023-03-01 23:42:20.591465,147783.91231507884
2023-03-02 23:42:20.591465,147952.28724392768
2023-03-03 23:42:20.591465,144953.6783956981
2023-03-04 23:42:20.591465,144725.6503216523
2023-03-05 23:42:20.591465,146747.07580274736
2023-03-06 23:42:20.591465,147189.61350710565
2023-03-07 23:42:20.591465,146239.31648889117
2023-03-08 23:42:20.591465,144143.5304375741
2023-03-09 23:42:20.591465,143853.16021318483
2023-03-10 23:42:20.591465,143438.56178214357
2023-03-11 23:42:20.591465,144548.2845729508
2023-03-12 23:42:20.591465,145874.57015415624
2023-03-13 23:42:20.591465,146305.72390199127
2023-03-14 23:42:20.591465,144391.62469090705
2023-03-15 23:42:20.591465,145872.9516134819
2023-03-16 23:42:20.591465,144844.92547268665
2023-03-17 23:42:20.591465,143889.08866877665
2023-03-18 23:42:20.591465,141956.61546909442
2023-03-19 23:42:20.591465,141307.93819812246
2023-03-20 23:42:20.591465,141094.00831096715
2023-03-21 23:42:20.591465,139725.84529888403
2023-03-22 23:42:20.591465,141248.43391463096
2023-03-23 23:42:20.591465,137073.1278207044
2023-03-24 23:42:20.591465,137063.56651746825
2023-03-25 23:42:20.591465,136405.69352169387
2023-03-26 23:42:20.591465,138125.97907998168
2023-03-27 23:42:20.591465,138606.71655099734
2023-03-28 23:42:20.591465,135914.11977705322
2023-03-29 23:42:20.591465,135809.0123538353
2023-03-30 23:42:20.591465,136378.10145158324
2023-03-31 23:42:20.591465,137484.4344767022
2023-04-01 23:42:20.591465,135869.4760548973
2023-04-02 23:42:20.591465,136541.24167747822
2023-04-03 23:42:20.591465,135873.42182400517
2023-04-04 23:42:20.591465,137114.9182889356
2023-04-05 23:42:20.591465,136780.257111585
2023-04-06 23:42:20.591465,137315.0754755834
2023-04-07 23:42:20.591465,137085.19208383327
2023-04-08 23:42:20.591465,135187.74483073002
2023-04-09 23:42:20.591465,137508.69145384958
2023-04-10 23:42:20.591465,137810.20806285943
2023-04-11 23:42:20.591465,137696.75953076308
2023-04-12 23:42:20.591465,136555.08814612438
2023-04-13 23:42:20.591465,135106.21926484848
2023-04-14 23:42:20.591465,133390.3955867357
2023-04-15 23:42:20.591465,134861.96585612308
2023-04-16 23:42:20.591465,134459.03093969752
2023-04-17 23:42:20.591465,136012.59673206345
2023-04-18 23:42:20.591465,137311.32443332285
2023-04-19 23:42:20.591465,137109.3519827905
2023-04-20 23:42:20.591465,134931.3475734823
2023-04-21 23:42:20.591465,136552.04053666652
2023-04-22 23:42:20.591465,137500.27330991792
2023-04-23 23:42:20.591465,135994.6702481905
2023-04-24 23:42:20.591465,137936.93843194935
2023-04-25 23:42:20.591465,135030.24742242365
2023-04-26 23:42:20.591465,134914.28441984803
2023-04-27 23:42:20.591465,134854.326209672
2023-04-28 23:42:20.591465,136390.74850444653
2023-04-29 23:42:20.591465,138275.91993108593
2023-04-30 23:42:20.591465,136782.8515563613
2023-05-01 23:42:20.591465,137484.16296613353
2023-05-02 23:42:20.591465,138253.14107761392
2023-05-03 23:42:20.591465,137742.69787074692
2023-05-04 23:42:20.591465,139271.32747243982
2023-05-05 23:42:20.591465,139907.24553971592
2023-05-06 23:42:20.591465,138270.3510608508
2023-05-07 23:42:20.591465,137736.5444780592
2023-05-08 23:42:20.591465,137596.36455545653
2023-05-09 23:42:20.591465,138708.43954883103
2023-05-10 23:42:20.591465,138606.7251227978
2023-05-11 23:42:20.591465,139699.14681855595
2023-05-12 23:42:20.591465,139482.84609584176
2023-05-13 23:42:20.591465,141319.39026583714
2023-05-14 23:42:20.591465,140191.19180265974
2023-05-15 23:42:20.591465,139325.05057029193
2023-05-16 23:42:20.591465,138502.7072975515
2023-05-17 23:42:20.591465,137131.75113992227
2023-05-18 23:42:20.591465,136884.68358691735
2023-05-19 23:42:20.591465,136296.86144509783
2023-05-20 23:42:20.591465,134517.41757778215
2023-05-21 23:42:20.591465,135361.17900507007
2023-05-22 23:42:20.591465,134086.22874570295
2023-05-23 23:42:20.591465,134896.81382344215
2023-05-24 23:42:20.591465,133683.6105346222
2023-05-25 23:42:20.591465,134529.63589616655
2023-05-26 23:42:20.591465,135133.23299482078
2023-05-27 23:42:20.591465,134878.14056212892
2023-05-28 23:42:20.591465,135847.17143035802
2023-05-29 23:42:20.591465,137402.3473523287
2023-05-30 23:42:20.591465,137996.7097527724
2023-05-31 23:42:20.591465,138380.9632859169
2023-06-01 23:42:20.591465,139308.35900634583
2023-06-02 23:42:20.591465,138026.01291896103
2023-06-03 23:42:20.591465,136711.0975208249
2023-06-04 23:42:20.591465,138368.50635592671
2023-06-05 23:42:20.591465,138765.71922140027
2023-06-06 23:42:20.591465,137328.71800841828
2023-06-07 23:42:20.591465,137304.12351479146
2023-06-08 23:42:20.591465,137310.73495892517
2023-06-09 23:42:20.591465,138014.45632468245
2023-06-10 23:42:20.591465,140913.30474402785
2023-06-11 23:42:20.591465,142572.2692551144
2023-06-12 23:42:20.591465,142853.7098205096
2023-06-13 23:42:20.591465,141425.77915716867
2023-06-14 23:42:20.591465,141020.5689213977
2023-06-15 23:42:20.591465,141980.48734416201
2023-06-16 23:42:20.591465,142343.5311041934
2023-06-17 23:42:20.591465,142394.86438199016
2023-06-18 23:42:20.591465,139929.5012885976
2023-06-19 23:42:20.591465,143914.8837150732
2023-06-20 23:42:20.591465,143542.25674414673
2023-06-21 23:42:20.591465,144866.86220136637
2023-06-22 23:42:20.591465,142440.1047617564
2023-06-23 23:42:20.591465,143224.75615207636
2023-06-24 23:42:20.591465,142483.04361691375
2023-06-25 23:42:20.591465,141478.08176156503
2023-06-26 23:42:20.591465,141553.50112768833
2023-06-27 23:42:20.591465,139895.41532826642
2023-06-28 23:42:20.591465,138733.09818601163
2023-06-29 23:42:20.591465,139339.31920597696
2023-06-30 23:42:20.591465,139467.02127619684
2023-07-01 23:42:20.591465,139060.4896238729
2023-07-02 23:42:20.591465,143264.01452278218
2023-07-03 23:42:20.591465,145557.36880438778
2023-07-04 23:42:20.591465,145042.5643978856
2023-07-05 23:42:20.591465,143467.45823902212
2023-07-06 23:42:20.591465,142540.91466879332
2023-07-07 23:42:20.591465,140936.6899831383
2023-07-08 23:42:20.591465,141368.81343843788
2023-07-09 23:42:20.591465,141617.05568037648
2023-07-10 23:42:20.591465,141809.12079363762
2023-07-11 23:42:20.591465,143420.86601583275
2023-07-12 23:42:20.591465,143443.9425425841
2023-07-13 23:42:20.591465,143785.69121130244
2023-07-14 23:42:20.591465,143859.46352208703
2023-07-15 23:42:20.591465,140866.87117483572
2023-07-16 23:42:20.591465,140546.00041494376
2023-07-17 23:42:20.591465,140216.16812714416
2023-07-18 23:42:20.591465,141774.93370755983
2023-07-19 23:42:20.591465,141905.48351134354
2023-07-20 23:42:20.591465,141548.8820520697
2023-07-21 23:42:20.591465,140898.16039639505
2023-07-22 23:42:20.591465,140284.3707897354
2023-07-23 23:42:20.591465,139267.80135138554
2023-07-24 23:42:20.591465,138733.39992558266
2023-07-25 23:42:20.591465,135768.8284438304
2023-07-26 23:42:20.591465,133636.95331477487
2023-07-27 23:42:20.591465,133845.7270168061
2023-07-28 23:42:20.591465,134575.3642672374
2023-07-29 23:42:20.591465,135265.6934924412
2023-07-30 23:42:20.591465,134363.78437072627
2023-07-31 23:42:20.591465,137247.7259409005
2023-08-01 23:42:20.591465,138427.406094784
2023-08-02 23:42:20.591465,138981.70839203577
2023-08-03 23:42:20.591465,137597.30290152231
2023-08-04 23:42:20.591465,139243.53136346952
2023-08-05 23:42:20.591465,137411.5603449623
2023-08-06 23:42:20.591465,138336.12378365637
2023-08-07 23:42:20.591465,140306.9606729828
2023-08-08 23:42:20.591465,140502.4155750496
2023-08-09 23:42:20.591465,139543.7247363195
2023-08-10 23:42:20.591465,142066.67650123616
2023-08-11 23:42:20.591465,143789.23742267373
2023-08-12 23:42:20.591465,144373.57294878666
2023-08-13 23:42:20.591465,146254.10932673412
2023-08-14 23:42:20.591465,145760.58974052244
2023-08-15 23:42:20.591465,146301.43527103853
2023-08-16 23:42:20.591465,148012.26015943362
2023-08-17 23:42:20.591465,146424.4552383972
2023-08-18 23:42:20.591465,149460.9643403788
2023-08-19 23:42:20.591465,150107.93909893083
2023-08-20 23:42:20.591465,149512.1784308454
2023-08-21 23:42:20.591465,148349.65881325444
2023-08-22 23:42:20.591465,149946.87667200033
2023-08-23 23:42:20.591465,150003.24277954997
2023-08-24 23:42:20.591465,151330.27408586766
2023-08-25 23:42:20.591465,151800.45517288757
2023-08-26 23:42:20.591465,151538.18350854414
2023-08-27 23:42:20.591465,151987.46669020507
2023-08-28 23:42:20.591465,155067.1861090171
2023-08-29 23:42:20.591465,155658.945407166
2023-08-30 23:42:20.591465,156675.422014256
2023-08-31 23:42:20.591465,156334.97709159626
2023-09-01 23:42:20.591465,155081.09146416382
2023-09-02 23:42:20.591465,153238.69770455683
2023-09-03 23:42:20.591465,151956.01251459483
2023-09-04 23:42:20.591465,153278.95578396058
2023-09-05 23:42:20.591465,151940.4514702525
2023-09-06 23:42:20.591465,151789.3126219427
2023-09-07 23:42:20.591465,150057.89333235158
2023-09-08 23:42:20.591465,151024.53234678495
2023-09-09 23:42:20.591465,150847.30592916184
2023-09-10 23:42:20.591465,150800.71239812885
2023-09-11 23:42:20.591465,151099.98615071698
2023-09-12 23:42:20.591465,152293.15114272796
2023-09-13 23:42:20.591465,150391.62424906273
2023-09-14 23:42:20.591465,151039.01403717394
2023-09-15 23:42:20.591465,153806.60898872945
2023-09-16 23:42:20.591465,158021.9999609121
2023-09-17 23:42:20.591465,158702.22494924493
2023-09-18 23:42:20.591465,160060.2799645392
2023-09-19 23:42:20.591465,159391.29596233682
2023-09-20 23:42:20.591465,158399.57007613438
2023-09-21 23:42:20.591465,159912.93953650905
2023-09-22 23:42:20.591465,158416.20827457166
2023-09-23 23:42:20.591465,156745.94004951962
2023-09-24 23:42:20.591465,153570.39083486822
2023-09-25 23:42:20.591465,150737.8454459644
2023-09-26 23:42:20.591465,152300.13974468297
2023-09-27 23:42:20.591465,154212.8253949026
2023-09-28 23:42:20.591465,153564.62932200741
2023-09-29 23:42:20.591465,154845.83785172712
2023-09-30 23:42:20.591465,154858.9580121313
2023-10-01 23:42:20.591465,156217.38152043484
2023-10-02 23:42:20.591465,160374.87824185792
2023-10-03 23:42:20.591465,159839.55391962986
2023-10-04 23:42:20.591465,160628.37731078165
2023-10-05 23:42:20.591465,160743.34279293776
2023-10-06 23:42:20.591465,159314.55964222507
2023-10-07 23:42:20.591465,159499.57677182968
2023-10-08 23:42:20.591465,161054.2412529243
2023-10-09 23:42:20.591465,163901.45745170806
2023-10-10 23:42:20.591465,161713.65734202776
2023-10-11 23:42:20.591465,161782.91409518683
2023-10-12 23:42:20.591465,160513.24228720483
2023-10-13 23:42:20.591465,161051.5620311077
2023-10-14 23:42:20.591465,163564.95102309628
2023-10-15 23:42:20.591465,160850.5293041877
2023-10-16 23:42:20.591465,163304.5836076557
2023-10-17 23:42:20.591465,163100.83908899446
2023-10-18 23:42:20.591465,164507.9949652108
2023-10-19 23:42:20.591465,162107.47574917594
2023-10-20 23:42:20.591465,160439.9539077828
2023-10-21 23:42:20.591465,159799.50868951733
2023-10-22 23:42:20.591465,160516.5678137972
2023-10-23 23:42:20.591465,157840.49064765093
2023-10-24 23:42:20.591465,156063.72783220885
2023-10-25 23:42:20.591465,157719.98587164952
2023-10-26 23:42:20.591465,156522.59782909547
2023-10-27 23:42:20.591465,155958.12360049877
2023-10-28 23:42:20.591465,156373.12517097162
2023-10-29 23:42:20.591465,159129.1005173354
2023-10-30 23:42:20.591465,160560.25551533452
2023-10-31 23:42:20.591465,160505.2848751454
2023-11-01 23:42:20.591465,160431.83330263675
2023-11-02 23:42:20.591465,159161.23113177245
2023-11-03 23:42:20.591465,159301.66616793844
2023-11-04 23:42:20.591465,159083.0633839479
2023-11-05 23:42:20.591465,157097.73005075613
2023-11-06 23:42:20.591465,156700.0326656171
2023-11-07 23:42:20.591465,156511.9021321369
2023-11-08 23:42:20.591465,154624.18020903916
2023-11-09 23:42:20.591465,157026.95070325155
2023-11-10 23:42:20.591465,157512.34733057235
2023-11-11 23:42:20.591465,157001.1911059997
2023-11-12 23:42:20.591465,157319.28874475046
2023-11-13 23:42:20.591465,158530.3375143085
2023-11-14 23:42:20.591465,158347.3405463142
2023-11-15 23:42:20.591465,161588.31850359766
2023-11-16 23:42:20.591465,161451.5973878462
2023-11-17 23:42:20.591465,162226.8488252955
2023-11-18 23:42:20.591465,161319.95925177992
2023-11-19 23:42:20.591465,160064.57060983093
2023-11-20 23:42:20.591465,159997.4891341269
2023-11-21 23:42:20.591465,158917.9501028105
2023-11-22 23:42:20.591465,158143.563392722
2023-11-23 23:42:20.591465,157768.153921994
2023-11-24 23:42:20.591465,159967.65343750935
2023-11-25 23:42:20.591465,159474.33034000598
2023-11-26 23:42:20.591465,161229.35243426377
2023-11-27 23:42:20.591465,160873.37780662026
2023-11-28 23:42:20.591465,159423.42055998172
2023-11-29 23:42:20.591465,161222.15577017626
2023-11-30 23:42:20.591465,164692.70353478173
2023-12-01 23:42:20.591465,164941.72823314235
2023-12-02 23:42:20.591465,166306.63448645323
2023-12-03 23:42:20.591465,166026.4000611495
2023-12-04 23:42:20.591465,166117.51792845427
2023-12-05 23:42:20.591465,167218.8495039393
2023-12-06 23:42:20.591465,167150.01224248126
2023-12-07 23:42:20.591465,168630.80727328913
2023-12-08 23:42:20.591465,167148.37245624617
2023-12-09 23:42:20.591465,165494.15649856944
2023-12-10 23:42:20.591465,166221.6462734351
2023-12-11 23:42:20.591465,168117.08663709825
2023-12-12 23:42:20.591465,165512.73166316454
2023-12-13 23:42:20.591465,163603.53530146365
2023-12-14 23:42:20.591465,165510.73903215822
2023-12-15 23:42:20.591465,163705.37506993927
2023-12-16 23:42:20.591465,164778.613364427
2023-12-17 23:42:20.591465,163318.5455629023
2023-12-18 23:42:20.591465,165194.0013163623
2023-12-19 23:42:20.591465,165712.0232290997
2023-12-20 23:42:20.591465,168220.90283558553
2023-12-21 23:42:20.591465,169072.2402738262
2023-12-22 23:42:20.591465,168159.96630529306
2023-12-23 23:42:20.591465,168590.33551686903
2023-12-24 23:42:20.591465,167491.1948713106
2023-12-25 23:42:20.591465,167091.80176607147
2023-12-26 23:42:20.591465,166161.71271354743
2023-12-27 23:42:20.591465,167843.44931566072
2023-12-28 23:42:20.591465,171182.77450571768
2023-12-29 23:42:20.591465,172839.2460771807
2023-12-30 23:42:20.591465,172548.15191467054
2023-12-31 23:42:20.591465,172274.1324574072
2024-01-01 23:42:20.591465,173501.5553366943
2024-01-02 23:42:20.591465,176625.09088655596
2024-01-03 23:42:20.591465,176375.8774191449
2024-01-04 23:42:20.591465,174375.0244365452
2024-01-05 23:42:20.591465,174819.87682592103
2024-01-06 23:42:20.591465,176353.7008179799
2024-01-07 23:42:20.591465,175167.23788346953
2024-01-08 23:42:20.591465,174705.42938585664
2024-01-09 23:42:20.591465,173074.41139900693
2024-01-10 23:42:20.591465,169544.722782469
2024-01-11 23:42:20.591465,168439.80456263563
2024-01-12 23:42:20.591465,168737.09785568126
2024-01-13 23:42:20.591465,171652.43662294745
2024-01-14 23:42:20.591465,173115.71589755724
2024-01-15 23:42:20.591465,171262.0214234545
2024-01-16 23:42:20.591465,172571.37031326818
2024-01-17 23:42:20.591465,173488.39343123592
2024-01-18 23:42:20.591465,168495.41113095093
2024-01-19 23:42:20.591465,170414.04429495818
2024-01-20 23:42:20.591465,170192.0300407353
2024-01-21 23:42:20.591465,169521.62462467997
2024-01-22 23:42:20.591465,171820.65098600468
2024-01-23 23:42:20.591465,172391.75478601293
2024-01-24 23:42:20.591465,171294.57930702763
2024-01-25 23:42:20.591465,171521.90736806623
2024-01-26 23:42:20.591465,174188.04022739874
2024-01-27 23:42:20.591465,175524.8940894315
2024-01-28 23:42:20.591465,176111.82291723703
2024-01-29 23:42:20.591465,175108.51248608337
2024-01-30 23:42:20.591465,174908.83016317606
2024-01-31 23:42:20.591465,176494.71398560272
2024-02-01 23:42:20.591465,177733.86349353145
2024-02-02 23:42:20.591465,179499.62101473974
2024-02-03 23:42:20.591465,177632.45801967432
2024-02-04 23:42:20.591465,177692.2774336904
2024-02-05 23:42:20.591465,179502.7868753736
2024-02-06 23:42:20.591465,178736.08925643162
2024-02-07 23:42:20.591465,178701.77265395672
2024-02-08 23:42:20.591465,180066.09264783442
2024-02-09 23:42:20.591465,177980.22098201246
2024-02-10 23:42:20.591465,177852.92894417868
2024-02-11 23:42:20.591465,180230.43452338342
2024-02-12 23:42:20.591465,180794.47519664973
2024-02-13 23:42:20.591465,181530.78388315512
2024-02-14 23:42:20.591465,183355.3358730619
2024-02-15 23:42:20.591465,185111.5918488059
2024-02-16 23:42:20.591465,185431.2889627423
2024-02-17 23:42:20.591465,183738.65529307345
2024-02-18 23:42:20.591465,183547.4182997379
2024-02-19 23:42:20.591465,182535.5313433847
2024-02-20 23:42:20.591465,185034.16448724185
2024-02-21 23:42:20.591465,186722.55965566266
2024-02-22 23:42:20.591465,186834.5524040308
2024-02-23 23:42:20.591465,189118.71155884734
2024-02-24 23:42:20.591465,189075.54690765613
2024-02-25 23:42:20.591465,189124.11446011576
2024-02-26 23:42:20.591465,187803.70967958248
2024-02-27 23:42:20.591465,185103.83173237985
2024-02-28 23:42:20.591465,188380.8354622729
2024-02-29 23:42:20.591465,189758.57778706733
2024-03-01 23:42:20.591465,189260.35081611702
2024-03-02 23:42:20.591465,188911.36580234632
2024-03-03 23:42:20.591465,192135.4170909157
2024-03-04 23:42:20.591465,191406.42454464533
2024-03-05 23:42:20.591465,193793.78206823635
2024-03-06 23:42:20.591465,192846.25863566995
2024-03-07 23:42:20.591465,192471.62617614857
2024-03-08 23:42:20.591465,195349.49920596895
2024-03-09 23:42:20.591465,195624.52006041922
2024-03-10 23:42:20.591465,193990.32768002877
2024-03-11 23:42:20.591465,196016.74293186728
2024-03-12 23:42:20.591465,198928.80623478745
2024-03-13 23:42:20.591465,200515.54898845466
2024-03-14 23:42:20.591465,202060.66914570672
2024-03-15 23:42:20.591465,203491.85747171345
2024-03-16 23:42:20.591465,205360.88869674873
2024-03-17 23:42:20.591465,208125.3276941484
2024-03-18 23:42:20.591465,211139.5549555225
2024-03-19 23:42:20.591465,213715.34932573934
2024-03-20 23:42:20.591465,214550.59431071
2024-03-21 23:42:20.591465,212224.555760836
2024-03-22 23:42:20.591465,211091.96128157803
2024-03-23 23:42:20.591465,213997.93247837175
2024-03-24 23:42:20.591465,211411.49280499495
2024-03-25 23:42:20.591465,208638.5292232107
2024-03-26 23:42:20.591465,206857.2885096524
2024-03-27 23:42:20.591465,206339.0356521174
2024-03-28 23:42:20.591465,208988.05802022148
2024-03-29 23:42:20.591465,206234.82997878196
2024-03-30 23:42:20.591465,206707.45522710678
2024-03-31 23:42:20.591465,207732.02363552008
2024-04-01 23:42:20.591465,209128.0725776393
2024-04-02 23:42:20.591465,210795.99289876054
2024-04-03 23:42:20.591465,212297.39723809354
2024-04-04 23:42:20.591465,214063.68625490883
2024-04-05 23:42:20.591465,212122.12932513436
2024-04-06 23:42:20.591465,214447.79189488315
2024-04-07 23:42:20.591465,214732.18696846112
2024-04-08 23:42:20.591465,214316.19832397185
2024-04-09 23:42:20.591465,214238.25691720622
2024-04-10 23:42:20.591465,215481.2573708284
2024-04-11 23:42:20.591465,217183.71632397317
2024-04-12 23:42:20.591465,218452.06234969883
2024-04-13 23:42:20.591465,221604.14286873458
2024-04-14 23:42:20.591465,222760.37660291189
2024-04-15 23:42:20.591465,223898.35603611753
2024-04-16 23:42:20.591465,225635.61493972855
2024-04-17 23:42:20.591465,227475.68172106336
2024-04-18 23:42:20.591465,224446.4085501131
2024-04-19 23:42:20.591465,220224.06541712736
2024-04-20 23:42:20.591465,222550.32771441914
2024-04-21 23:42:20.591465,226458.13410159523
2024-04-22 23:42:20.591465,223707.50570061707
2024-04-23 23:42:20.591465,223266.19595632792
2024-04-24 23:42:20.591465,221624.2281908942
2024-04-25 23:42:20.591465,219451.91334778717
2024-04-26 23:42:20.591465,219041.95770106977
2024-04-27 23:42:20.591465,217660.30332249575
2024-04-28 23:42:20.591465,217023.4706591369
2024-04-29 23:42:20.591465,217290.97933052698
2024-04-30 23:42:20.591465,217089.62897387217
2024-05-01 23:42:20.591465,218305.1224907185
2024-05-02 23:42:20.591465,219677.56414153517
2024-05-03 23:42:20.591465,217495.14528296853
2024-05-04 23:42:20.591465,217440.5535979415
2024-05-05 23:42:20.591465,216317.5698756138
2024-05-06 23:42:20.591465,219581.98808678627
2024-05-07 23:42:20.591465,218166.72942526516
2024-05-08 23:42:20.591465,217283.56739536213
2024-05-09 23:42:20.591465,217540.76507026213
2024-05-10 23:42:20.591465,218132.9945262735
2024-05-11 23:42:20.591465,217461.09263707636
2024-05-12 23:42:20.591465,217387.81161079727
2024-05-13 23:42:20.591465,219475.88950347662
2024-05-14 23:42:20.591465,220220.61392717602
2024-05-15 23:42:20.591465,219515.06927476948
2024-05-16 23:42:20.591465,216884.66403881827
2024-05-17 23:42:20.591465,213520.6317590484
2024-05-18 23:42:20.591465,214302.59977041133
2024-05-19 23:42:20.591465,211156.99951427354
2024-05-20 23:42:20.591465,213429.72070942435
2024-05-21 23:42:20.591465,212241.75057855324
2024-05-22 23:42:20.591465,208639.29974486557
2024-05-23 23:42:20.591465,208849.6959964577
2024-05-24 23:42:20.591465,209763.68909468997
2024-05-25 23:42:20.591465,210677.6821929222
2024-05-26 23:42:20.591465,211591.67529115442
2024-05-27 23:42:20.591465,212505.66838938667
2024-05-28 23:42:20.591465,213419.66148761893
2024-05-29 23:42:20.591465,214333.65458585115
2024-05-30 23:42:20.591465,215247.64768408338
2024-05-31 23:42:20.591465,216161.64078231563
2024-06-01 23:42:20.591465,217075.6338805479
2024-06-02 23:42:20.591465,217989.6269787801
